plant_species,latin_name,layer,functional_zone,tsp_g_m2,pm10_g_m2,pm2_5_g_m2,city,ambient_pm10_ug_m3,ambient_pm2_5_ug_m3,temp_c,humidity_pct,sampling_season,days_after_rain,sample_count,measurement_method,leaf_micro_features,reference,doi,notes
香樟,Cinnamomum camphora,乔木,城市混合,1.5,,,上海,,,,,夏季,10.0,3.0,滤膜称重法,,"上海植物园科研中心, 2013",,"84种植物分级'弱'等级, 10天滞尘期, <2.0 g/m2"
香樟,Cinnamomum camphora,乔木,城市混合(秋季),0.669,,,南京,75.0,40.0,15.5,75.0,秋季,14.0,,滤膜称重法,,"梁淑英, 2005, 南京林业大学硕士论文",,秋季单点数据
香樟,Cinnamomum camphora,乔木,交通干道,1.4615,,,南昌,85.0,45.0,17.0,75.0,夏季,25.0,5.0,滤膜称重法,叶面光滑,"王珍珍, 2019, 东华理工大学硕士论文",,南昌首次数据; 25天最大滞尘量; 道路绿地8种中排名第7
香樟,Cinnamomum camphora,乔木,交通干道,1.4615,,,南昌,,,,,秋季,25.0,2.0,超声波清洗+滤膜称重(0.45μm),"叶革质,椭圆状卵形;离基三出脉;叶面光滑","王珍珍, 硕士论文, 东华理工大学",,"南昌凤凰中大道分车绿带,2018年9-11月连续5次采样,取第25d最大滞尘量。TSP数据,无PM分级。"
香樟,Cinnamomum camphora,乔木,交通干道,1.28,0.3,0.12,杭州,100.0,45.0,17.0,78.0,夏季,7.0,5.0,滤膜称重法,叶片光滑革质,"李海梅等, 2021, 林业科学研究",10.13275/j.cnki.lykxyj.2021.04.010 ⚠柱状图人工读数,"同一论文3功能区对比; 香樟在5种中滞尘能力最弱; [PM补录] PM10=0.3, PM2.5=0.12 g/m²"
香樟,Cinnamomum camphora,乔木,公园清洁区,0.55,,,杭州,55.0,25.0,17.0,78.0,夏季,14.0,5.0,滤膜称重法,,"Dang et al., 2022, Environmental Pollution",10.1016/j.envpol.2022.119472,
香樟,Cinnamomum camphora,乔木,工业区,2.59,0.3,0.16,杭州,130.0,60.0,17.0,78.0,夏季,7.0,5.0,滤膜称重法,叶片光滑革质,"李海梅等, 2021, 林业科学研究",10.13275/j.cnki.lykxyj.2021.04.010 ⚠柱状图人工读数,"同一论文3功能区对比; 香樟在5种中滞尘能力最弱; [PM补录] PM10=0.3, PM2.5=0.16 g/m²"
香樟,Cinnamomum camphora,乔木,工业区,4.05,,,杭州,130.0,60.0,17.0,78.0,夏季,14.0,5.0,滤膜称重法,,"Dang et al., 2022, Environmental Pollution",10.1016/j.envpol.2022.119472,2功能区对比(工业区/非工业区)
香樟,Cinnamomum camphora,乔木,公园清洁区,0.55,,0.113,杭州,55.0,25.0,17.0,78.0,夏季,7.0,5.0,滤膜称重法,叶片光滑革质,"李海梅等, 2021, 林业科学研究",10.13275/j.cnki.lykxyj.2021.04.010 ⚠柱状图人工读数,同一论文3功能区对比; 香樟在5种中滞尘能力最弱; [PM补录] PM2.5=0.113 g/m²
香樟,Cinnamomum camphora,乔木,交通干道,0.95,,,武汉,120.0,65.0,16.5,75.0,夏季,7.0,5.0,滤膜称重法,,"肖慧玲, 2013, 华中农业大学硕士论文",,武汉3功能区对比，关键提供法桐跨环境数据
香樟,Cinnamomum camphora,乔木,交通干道,,0.1233,0.023,武汉,,73.0,,,秋冬,7.0,16.0,"滤膜称重法(分级过滤,0.2-2.5-10μm)",叶面具浅沟槽;气孔狭长;蜡质层薄(47-57μg/cm²),"Zhang B-J et al., 2025, Journal of Environmental Management",10.1016/j.jenvman.2024.124027,"武汉解放公园外道路旁,秋冬两季均值(n=16)。PM10=PM2.5+粗颗粒(2.5-10μm)。TSP未测定。 [2026-06-17 μg/cm²→g/m²换算修正: ÷100替换原错误÷10]"
香樟,Cinnamomum camphora,乔木,交通干道,0.3881,,,武汉,,,,,夏季,7.0,,滤膜称重法(10µm/2.5µm/0.1µm三级滤膜),叶表小室(凹陷)及叶脉周边富集颗粒物,"陈小平, 2017, 华中农业大学博士论文",,"陈小平2017博士论文第五章。武汉城市干道绿化隔离带,2016年6月采样,大雨后约1周。面向道路下层叶片TSP=38.81µg/cm²(上层24.89µg/cm²),此处取下层/面向道路值。原文单位µg/cm²,÷100换算为g/m²。该章6种植物含樟树/复羽叶栾树/日本晚樱/法国冬青/桂花/红叶石楠,仅香樟有正文精确数值(下层38.81和上层24.89),其余物种数据在柱状图中。"
香樟,Cinnamomum camphora,乔木,公园清洁区,,,0.0177,武汉,95.0,55.0,17.0,75.0,冬季,7.0,3.0,滤膜称重法(PM10/PM2.5分级),,"张冰洁, 2024, 华中农业大学硕士论文",,解放公园内部; 冬季PM2.5=1.77±0.16 µg/cm² [2026-06-17 μg/cm²→g/m²换算修正: ÷100替换原错误÷10]
香樟,Cinnamomum camphora,乔木,公园清洁区,0.35,,,武汉,120.0,65.0,16.5,75.0,夏季,7.0,5.0,滤膜称重法,,"肖慧玲, 2013, 华中农业大学硕士论文",,武汉3功能区对比，关键提供法桐跨环境数据
香樟,Cinnamomum camphora,乔木,公园清洁区,,,0.0254,武汉,95.0,55.0,17.0,75.0,夏季,7.0,3.0,滤膜称重法(PM10/PM2.5分级),,"张冰洁, 2024, 华中农业大学硕士论文",,解放公园内部; 夏季PM2.5=2.54±0.24 µg/cm² [2026-06-17 μg/cm²→g/m²换算修正: ÷100替换原错误÷10]
香樟,Cinnamomum camphora,乔木,公园清洁区,,0.1712,0.0314,武汉,95.0,55.0,17.0,75.0,秋季,7.0,3.0,滤膜称重法(PM10/PM2.5分级),,"张冰洁, 2024, 华中农业大学硕士论文",,"解放公园内部; 秋季PM10=17.12±1.78, PM2.5=3.14±0.39 µg/cm² [2026-06-17 μg/cm²→g/m²换算修正: ÷100替换原错误÷10]"
香樟,Cinnamomum camphora,乔木,公园清洁区,,0.1706,0.0306,武汉,,73.0,,,秋冬,7.0,16.0,"滤膜称重法(分级过滤,0.2-2.5-10μm)",叶面具浅沟槽;气孔狭长;蜡质层薄(47-57μg/cm²),"Zhang B-J et al., 2025, Journal of Environmental Management",10.1016/j.jenvman.2024.124027,"武汉解放公园内外双地点,秋冬两季均值(n=16)。PM10=PM2.5+粗颗粒(2.5-10μm)。TSP未测定。 [2026-06-17 μg/cm²→g/m²换算修正: ÷100替换原错误÷10]"
香樟,Cinnamomum camphora,乔木,城市混合,,,0.0283,武汉,95.0,55.0,17.0,75.0,冬季,7.0,3.0,滤膜称重法(PM10/PM2.5分级),,"张冰洁, 2024, 华中农业大学硕士论文",,"解放公园外部(近交通); 冬季PM2.5=2.83±0.22 µg/cm², 显著高于内部 [2026-06-17 μg/cm²→g/m²换算修正: ÷100替换原错误÷10]"
香樟,Cinnamomum camphora,乔木,城市混合,0.43,0.134,0.03,武汉,85.0,55.0,16.5,75.0,夏季,7.0,5.0,3级滤膜过滤法(10um/3um/0.45um),,"王琴等, 2020, 生态学报",10.5846/stxb201808241808,最完整的TSP/PM10/PM2.5三分级数据，方法规范
香樟,Cinnamomum camphora,乔木,城市混合,,,0.024,武汉,95.0,55.0,17.0,75.0,夏季,7.0,3.0,滤膜称重法(PM10/PM2.5分级),,"张冰洁, 2024, 华中农业大学硕士论文",,解放公园外部(近交通); 夏季PM2.5=2.40±0.29 µg/cm² [2026-06-17 μg/cm²→g/m²换算修正: ÷100替换原错误÷10]
香樟,Cinnamomum camphora,乔木,城市混合,,0.17,0.0298,武汉,95.0,55.0,17.0,75.0,秋季,7.0,3.0,滤膜称重法(PM10/PM2.5分级),,"张冰洁, 2024, 华中农业大学硕士论文",,"解放公园外部(近交通); 秋季PM10=17.00±3.72, PM2.5=2.98±0.80 µg/cm² [2026-06-17 μg/cm²→g/m²换算修正: ÷100替换原错误÷10]"
香樟,Cinnamomum camphora,乔木,工业区,2.1,,,武汉,120.0,65.0,16.5,75.0,夏季,7.0,5.0,滤膜称重法,,"肖慧玲, 2013, 华中农业大学硕士论文",,武汉3功能区对比，关键提供法桐跨环境数据
香樟,Cinnamomum camphora,乔木,文教区,0.271,,,武汉,95.0,55.0,16.5,75.0,全年,4.0,12.0,滤膜称重法,叶面光滑,"高丹丹, 2017, 湖北大学硕士论文",,武汉3功能区对比; 湖北大学校园年均值; 16种中排名第15; 四季:春0.274/夏0.095/秋0.234/冬0.481
香樟,Cinnamomum camphora,乔木,交通干道,,,0.042,长沙,90.0,50.0,17.5,80.0,全年,7.0,5.0,滤膜称重法,,"罗佳等, 2019, 应用生态学报",10.13287/j.1001-9332.201902.003,仅PM2.5数据，3功能区对比
香樟,Cinnamomum camphora,乔木,交通干道,0.5343,0.5183,0.4907,长沙,70.0,35.0,,,冬季,7.0,10.0,"微孔滤膜分级过滤法(水溶消解,10μm/2.5μm/0.1μm三级)",叶两面无毛或幼时下面微被柔毛;气孔密度高(阔叶树),"Chen Yazhen et al., 2023, Scientific Reports",10.1038/s41598-023-39975-w,"长沙韶山路/芙蓉路绿化带,2017-12-25采样。长沙2017年年均PM2.5=35μg/m³(中国二级标准限值),PM10=70μg/m³(二级标准限值)。PM2.5占总TSP的91.85%(原文确认),水溶消解法可能导致粗颗粒洗脱不完全。"
香樟,Cinnamomum camphora,乔木,公园清洁区,,,0.018,长沙,90.0,50.0,17.5,80.0,全年,7.0,5.0,滤膜称重法,,"罗佳等, 2019, 应用生态学报",10.13287/j.1001-9332.201902.003,仅PM2.5数据，3功能区对比
香樟,Cinnamomum camphora,乔木,文教区,,,0.028,长沙,90.0,50.0,17.5,80.0,全年,7.0,5.0,滤膜称重法,,"罗佳等, 2019, 应用生态学报",10.13287/j.1001-9332.201902.003,仅PM2.5数据，3功能区对比
桂花,Osmanthus fragrans,乔木,城市混合,3.5,,,上海,,,,,夏季,10.0,3.0,滤膜称重法,,"上海植物园科研中心, 2013",,"84种植物分级'中等'等级, 10天滞尘期, 2-5 g/m2"
桂花,Osmanthus fragrans,乔木,城市混合(6功能区均值),3.739,,,南京,75.0,40.0,15.5,75.0,夏季,7.0,18.0,滤膜称重法,,"张俊叶等, 2019, 环境污染与防治",10.15985/j.cnki.1001-3865.2019.07.019,南京6功能区(文教/公园/居住/商业/工业/天然林)综合均值，n=18
桂花,Osmanthus fragrans,乔木,城市混合(秋季),0.59,,,南京,75.0,40.0,15.5,75.0,秋季,14.0,,滤膜称重法,,"梁淑英, 2005, 南京林业大学硕士论文",,秋季单点数据
桂花,Osmanthus fragrans,乔木,交通干道,1.8454,,,南昌,85.0,45.0,17.0,75.0,夏季,25.0,5.0,滤膜称重法,叶面粗糙有沟槽,"王珍珍, 2019, 东华理工大学硕士论文",,南昌首次数据; 25天最大滞尘量; 道路绿地8种中排名第5
桂花,Osmanthus fragrans,乔木,交通干道,1.8454,,,南昌,,,,,秋季,25.0,2.0,超声波清洗+滤膜称重(0.45μm),"叶革质,椭圆状披针形;叶面光滑","王珍珍, 硕士论文, 东华理工大学",,"南昌凤凰中大道分车绿带,2018年9-11月连续5次采样,取第25d最大滞尘量。TSP数据,无PM分级。"
桂花,Osmanthus fragrans,乔木,交通干道,2.0,,,杭州,100.0,45.0,17.0,78.0,夏季,7.0,5.0,滤膜称重法,叶面粗糙有沟槽,"李海梅等, 2021, 林业科学研究",10.13275/j.cnki.lykxyj.2021.04.010 ⚠柱状图人工读数,同一论文3功能区对比; 桂花在5种中滞尘能力第2
桂花,Osmanthus fragrans,乔木,工业区,6.53,0.67,0.36,杭州,130.0,60.0,17.0,78.0,夏季,7.0,5.0,滤膜称重法,叶面粗糙有沟槽,"李海梅等, 2021, 林业科学研究",10.13275/j.cnki.lykxyj.2021.04.010 ⚠柱状图人工读数,"同一论文3功能区对比; 桂花在5种中滞尘能力第2; [PM补录] PM10=0.67, PM2.5=0.36 g/m²"
桂花,Osmanthus fragrans,乔木,公园清洁区,1.0,,0.114,杭州,55.0,25.0,17.0,78.0,夏季,7.0,5.0,滤膜称重法,叶面粗糙有沟槽,"李海梅等, 2021, 林业科学研究",10.13275/j.cnki.lykxyj.2021.04.010 ⚠柱状图人工读数,同一论文3功能区对比; 桂花在5种中滞尘能力第2; [PM补录] PM2.5=0.114 g/m²
桂花,Osmanthus fragrans,乔木,交通干道,1.9,,,武汉,120.0,65.0,16.5,75.0,夏季,7.0,5.0,滤膜称重法,,"肖慧玲, 2013, 华中农业大学硕士论文",,武汉3功能区对比，关键提供法桐跨环境数据
桂花,Osmanthus fragrans,乔木,交通干道,,0.1684,0.0267,武汉,,73.0,,,秋冬,7.0,16.0,"滤膜称重法(分级过滤,0.2-2.5-10μm)",叶面光滑;气孔密度最高;蜡质中等(65-70μg/cm²),"Zhang B-J et al., 2025, Journal of Environmental Management",10.1016/j.jenvman.2024.124027,"武汉解放公园外道路旁,秋冬两季均值(n=16)。PM10=PM2.5+粗颗粒(2.5-10μm)。TSP未测定。 [2026-06-17 μg/cm²→g/m²换算修正: ÷100替换原错误÷10]"
桂花,Osmanthus fragrans,乔木,公园清洁区,,0.1079,0.0176,武汉,95.0,55.0,17.0,75.0,冬季,7.0,3.0,滤膜称重法(PM10/PM2.5分级),,"张冰洁, 2024, 华中农业大学硕士论文",,"解放公园内部; 冬季PM10=10.79±1.21, PM2.5=1.76±0.26 µg/cm²; 外部显著高于内部 [2026-06-17 μg/cm²→g/m²换算修正: ÷100替换原错误÷10]"
桂花,Osmanthus fragrans,乔木,公园清洁区,0.75,,,武汉,120.0,65.0,16.5,75.0,夏季,7.0,5.0,滤膜称重法,,"肖慧玲, 2013, 华中农业大学硕士论文",,武汉3功能区对比，关键提供法桐跨环境数据
桂花,Osmanthus fragrans,乔木,公园清洁区,,0.0887,,武汉,95.0,55.0,17.0,75.0,春季,7.0,3.0,滤膜称重法(PM10/PM2.5分级),,"张冰洁, 2024, 华中农业大学硕士论文",,"解放公园内部; 春季PM10=8.87±2.02 µg/cm², 略高于外部 [2026-06-17 μg/cm²→g/m²换算修正: ÷100替换原错误÷10]"
桂花,Osmanthus fragrans,乔木,公园清洁区,,0.1761,0.0324,武汉,95.0,55.0,17.0,75.0,秋季,7.0,3.0,滤膜称重法(PM10/PM2.5分级),,"张冰洁, 2024, 华中农业大学硕士论文",,"解放公园内部; 秋季PM10=17.61±3.63, PM2.5=3.24±0.63 µg/cm² [2026-06-17 μg/cm²→g/m²换算修正: ÷100替换原错误÷10]"
桂花,Osmanthus fragrans,乔木,公园清洁区,,0.142,0.025,武汉,,73.0,,,秋冬,7.0,16.0,"滤膜称重法(分级过滤,0.2-2.5-10μm)",叶面光滑;气孔密度最高;蜡质中等(65-70μg/cm²),"Zhang B-J et al., 2025, Journal of Environmental Management",10.1016/j.jenvman.2024.124027,"武汉解放公园内外双地点,秋冬两季均值(n=16)。PM10=PM2.5+粗颗粒(2.5-10μm)。TSP未测定。 [2026-06-17 μg/cm²→g/m²换算修正: ÷100替换原错误÷10]"
桂花,Osmanthus fragrans,乔木,城市混合,,0.18,0.0256,武汉,95.0,55.0,17.0,75.0,冬季,7.0,3.0,滤膜称重法(PM10/PM2.5分级),,"张冰洁, 2024, 华中农业大学硕士论文",,"解放公园外部(近交通); 冬季PM10=18.00±2.30, PM2.5=2.56±0.13 µg/cm²; 显著高于内部(P<0.05) [2026-06-17 μg/cm²→g/m²换算修正: ÷100替换原错误÷10]"
桂花,Osmanthus fragrans,乔木,城市混合,1.29,0.195,0.05,武汉,85.0,55.0,16.5,75.0,夏季,7.0,5.0,3级滤膜过滤法(10um/3um/0.45um),,"王琴等, 2020, 生态学报",10.5846/stxb201808241808,最完整的TSP/PM10/PM2.5三分级数据，方法规范
桂花,Osmanthus fragrans,乔木,城市混合,,0.0886,,武汉,95.0,55.0,17.0,75.0,春季,7.0,3.0,滤膜称重法(PM10/PM2.5分级),,"张冰洁, 2024, 华中农业大学硕士论文",,解放公园外部(近交通); 春季PM10=8.86±1.37 µg/cm² [2026-06-17 μg/cm²→g/m²换算修正: ÷100替换原错误÷10]
桂花,Osmanthus fragrans,乔木,城市混合,,0.1568,0.0278,武汉,95.0,55.0,17.0,75.0,秋季,7.0,3.0,滤膜称重法(PM10/PM2.5分级),,"张冰洁, 2024, 华中农业大学硕士论文",,"解放公园外部(近交通); 秋季PM10=15.68±3.44, PM2.5=2.78±0.56 µg/cm² [2026-06-17 μg/cm²→g/m²换算修正: ÷100替换原错误÷10]"
桂花,Osmanthus fragrans,乔木,工业区,4.8,,,武汉,120.0,65.0,16.5,75.0,夏季,7.0,5.0,滤膜称重法,,"肖慧玲, 2013, 华中农业大学硕士论文",,武汉3功能区对比，关键提供法桐跨环境数据
桂花,Osmanthus fragrans,乔木,文教区,0.719,,,武汉,95.0,55.0,16.5,75.0,全年,4.0,12.0,滤膜称重法,叶面有较深沟壑,"高丹丹, 2017, 湖北大学硕士论文",,武汉3功能区对比; 湖北大学校园年均值; 16种中排名第3; 四季:春0.870/夏0.468/秋0.583/冬0.953
桂花,Osmanthus fragrans,乔木,交通干道,,,0.065,长沙,90.0,50.0,17.5,80.0,全年,7.0,5.0,滤膜称重法,,"罗佳等, 2019, 应用生态学报",10.13287/j.1001-9332.201902.003,仅PM2.5数据，3功能区对比
桂花,Osmanthus fragrans,乔木,交通干道,0.3959,0.3683,0.2986,长沙,70.0,35.0,,,冬季,7.0,10.0,"微孔滤膜分级过滤法(水溶消解,10μm/2.5μm/0.1μm三级)","叶两面无毛,中脉上面凹下下面凸起;气孔密度中等","Chen Yazhen et al., 2023, Scientific Reports",10.1038/s41598-023-39975-w,"长沙韶山路/芙蓉路绿化带,2017-12-25采样。长沙2017年年均PM2.5=35μg/m³(中国二级标准限值),PM10=70μg/m³(二级标准限值)。PM2.5占总TSP的75.43%(原文确认),水溶消解法可能导致粗颗粒洗脱不完全。"
桂花,Osmanthus fragrans,乔木,公园清洁区,,,0.031,长沙,90.0,50.0,17.5,80.0,全年,7.0,5.0,滤膜称重法,,"罗佳等, 2019, 应用生态学报",10.13287/j.1001-9332.201902.003,仅PM2.5数据，3功能区对比
桂花,Osmanthus fragrans,乔木,文教区,,,0.043,长沙,90.0,50.0,17.5,80.0,全年,7.0,5.0,滤膜称重法,,"罗佳等, 2019, 应用生态学报",10.13287/j.1001-9332.201902.003,仅PM2.5数据，3功能区对比
二球悬铃木,Platanus acerifolia,乔木,城市混合,1.5,,,上海,,,,,夏季,10.0,3.0,滤膜称重法,,"上海植物园科研中心, 2013",,"84种植物分级'弱'等级, 10天滞尘期, <2.0 g/m2"
二球悬铃木,Platanus acerifolia,乔木,交通干道,0.951,,,南京,,,,,春季,,3.0,"滤膜称重法(蒸馏水洗脱,60°C烘24h)",叶面粗糙具星状毛(rough leaf surface with star-shaped trichomes),"Sheng Q et al., 2024, Sustainability",10.3390/su16020917,"南京玄武大道,2023-04-12采样,晴天无异常天气。13种园林植物中悬铃木(PA)单位叶面积滞尘量最低(0.951g/m²),正文精确提及。仅TSP数据,无PM10/PM2.5分级。注意:山麦冬(LS)在同研究中高达69.039g/m²(异常值),需谨慎引用。"
二球悬铃木,Platanus acerifolia,乔木,城市混合(6功能区均值),2.753,,,南京,75.0,40.0,15.5,75.0,夏季,7.0,18.0,滤膜称重法,,"张俊叶等, 2019, 环境污染与防治",10.15985/j.cnki.1001-3865.2019.07.019,南京6功能区综合均值，n=18
二球悬铃木,Platanus acerifolia,乔木,城市混合(秋季),1.296,,,南京,75.0,40.0,15.5,75.0,秋季,14.0,,滤膜称重法,,"梁淑英, 2005, 南京林业大学硕士论文",,秋季单点数据
二球悬铃木,Platanus acerifolia,乔木,交通干道,0.85,,,武汉,120.0,65.0,16.5,75.0,夏季,7.0,5.0,滤膜称重法,,"肖慧玲, 2013, 华中农业大学硕士论文",,武汉3功能区对比，关键提供法桐跨环境数据
二球悬铃木,Platanus acerifolia,乔木,公园清洁区,0.16,,,武汉,120.0,65.0,16.5,75.0,夏季,7.0,5.0,滤膜称重法,,"肖慧玲, 2013, 华中农业大学硕士论文",,武汉3功能区对比，关键提供法桐跨环境数据
二球悬铃木,Platanus acerifolia,乔木,公园清洁区,,0.0621,,武汉,95.0,55.0,17.0,75.0,春季,7.0,3.0,滤膜称重法(PM10/PM2.5分级),,"张冰洁, 2024, 华中农业大学硕士论文",,"解放公园内部; 春季PM10=6.21±0.27 µg/cm², 略高于外部 [2026-06-17 μg/cm²→g/m²换算修正: ÷100替换原错误÷10]"
二球悬铃木,Platanus acerifolia,乔木,公园清洁区,,0.1199,,武汉,95.0,55.0,17.0,75.0,秋季,7.0,3.0,滤膜称重法(PM10/PM2.5分级),,"张冰洁, 2024, 华中农业大学硕士论文",,解放公园内部; 秋季PM10=11.99±2.78 µg/cm² [2026-06-17 μg/cm²→g/m²换算修正: ÷100替换原错误÷10]
二球悬铃木,Platanus acerifolia,乔木,城市混合,1.89,0.358,0.05,武汉,85.0,55.0,16.5,75.0,夏季,7.0,5.0,3级滤膜过滤法(10um/3um/0.45um),,"王琴等, 2020, 生态学报",10.5846/stxb201808241808,最完整的TSP/PM10/PM2.5三分级数据，方法规范
二球悬铃木,Platanus acerifolia,乔木,城市混合,,0.0565,,武汉,95.0,55.0,17.0,75.0,春季,7.0,3.0,滤膜称重法(PM10/PM2.5分级),,"张冰洁, 2024, 华中农业大学硕士论文",,解放公园外部(近交通); 春季PM10=5.65±0.89 µg/cm² [2026-06-17 μg/cm²→g/m²换算修正: ÷100替换原错误÷10]
二球悬铃木,Platanus acerifolia,乔木,城市混合,,0.1132,,武汉,95.0,55.0,17.0,75.0,秋季,7.0,3.0,滤膜称重法(PM10/PM2.5分级),,"张冰洁, 2024, 华中农业大学硕士论文",,解放公园外部(近交通); 秋季PM10=11.32±2.70 µg/cm² [2026-06-17 μg/cm²→g/m²换算修正: ÷100替换原错误÷10]
二球悬铃木,Platanus acerifolia,乔木,工业区,2.35,,,武汉,120.0,65.0,16.5,75.0,夏季,7.0,5.0,滤膜称重法,,"肖慧玲, 2013, 华中农业大学硕士论文",,武汉3功能区对比，关键提供法桐跨环境数据
广玉兰,Magnolia grandiflora,乔木,交通干道,1.4364,,,南昌,,,,,秋季,25.0,2.0,超声波清洗+滤膜称重(0.45μm),"叶倒卵状长椭圆形,背被锈色绒毛;叶面有光泽","王珍珍, 2019, 东华理工大学硕士论文",,"南昌凤凰中大道分车绿带,2018年9-11月连续5次采样,25d饱和滞尘量。⚠2026-06-18修正:原1.6011为20d值,25d实为1.4364(Table4-1)。TSP数据,无PM分级。"
广玉兰,Magnolia grandiflora,乔木,交通干道,,0.1187,0.0197,武汉,,73.0,,,秋冬,7.0,16.0,"滤膜称重法(分级过滤,0.2-2.5-10μm)",叶面光滑;密被锈色绒毛;蜡质少(21-35μg/cm²),"Zhang B-J et al., 2025, Journal of Environmental Management",10.1016/j.jenvman.2024.124027,"武汉解放公园外道路旁,秋冬两季均值(n=16)。PM10=PM2.5+粗颗粒(2.5-10μm)。TSP未测定。 [2026-06-17 μg/cm²→g/m²换算修正: ÷100替换原错误÷10]"
广玉兰,Magnolia grandiflora,乔木,公园清洁区,,0.1511,0.0264,武汉,,73.0,,,秋冬,7.0,16.0,"滤膜称重法(分级过滤,0.2-2.5-10μm)",叶面光滑;密被锈色绒毛;蜡质少(21-35μg/cm²),"Zhang B-J et al., 2025, Journal of Environmental Management",10.1016/j.jenvman.2024.124027,"武汉解放公园内外双地点,秋冬两季均值(n=16)。PM10=PM2.5+粗颗粒(2.5-10μm)。TSP未测定。 [2026-06-17 μg/cm²→g/m²换算修正: ÷100替换原错误÷10]"
广玉兰,Magnolia grandiflora,乔木,公园清洁区,0.433,,,武汉,,,,,秋季,14.0,,滤膜称重法,,"陈小平, 2017, 华中农业大学博士论文",,"陈小平2017博士论文第三章。华中农业大学校园(HZAU)清洁对照区,2014年10月初采样,大雨后约2周。广玉兰在对照区24种植物中滞尘量最高(43.3µg/cm²)。原文单位µg/cm²,÷100换算为g/m²。"
广玉兰,Magnolia grandiflora,乔木,文教区,0.721,,,武汉,95.0,55.0,16.5,75.0,全年,4.0,12.0,滤膜称重法,叶片较厚;上表面有较深沟壑;下表面密被锈色绒毛;叶边缘微卷曲,"高丹丹, 2017, 湖北大学硕士论文",,"武汉湖北大学校园,2016-03至2017-02每月采样(共12次),雨后4d。四季TSP: 春0.982/夏0.485/秋0.47/冬0.946 g/m²。仅TSP数据,无PM10/PM2.5分级。论文另有5种植物×3功能区(校园/公园/道路)柱状图数据,需人工读图。"
广玉兰,Magnolia grandiflora,乔木,交通干道,,,0.0101,长沙,70.0,35.0,,,冬季,7.0,10.0,"微孔滤膜分级过滤法(水溶消解,10μm/2.5μm/0.1μm三级)",叶背密被褐色或灰褐色绒毛;叶面光滑有光泽,"Chen Yazhen et al., 2023, Scientific Reports",10.1038/s41598-023-39975-w,"长沙韶山路/芙蓉路绿化带,2017-12-25采样。长沙2017年年均PM2.5=35μg/m³(中国二级标准限值),PM10=70μg/m³(二级标准限值)。仅PM2.5数据从正文提取,TSP和PM10需从Figure 1柱状图人工读数。"
女贞,Ligustrum lucidum,乔木,交通干道,,0.1434,0.0335,武汉,,73.0,,,秋冬,7.0,16.0,"滤膜称重法(分级过滤,0.2-2.5-10μm)",叶面光滑;气孔密度低;蜡质中等(69-80μg/cm²),"Zhang B-J et al., 2025, Journal of Environmental Management",10.1016/j.jenvman.2024.124027,"武汉解放公园外道路旁,秋冬两季均值(n=16)。PM10=PM2.5+粗颗粒(2.5-10μm)。TSP未测定。 [2026-06-17 μg/cm²→g/m²换算修正: ÷100替换原错误÷10]"
女贞,Ligustrum lucidum,乔木,公园清洁区,,0.1139,0.0258,武汉,,73.0,,,秋冬,7.0,16.0,"滤膜称重法(分级过滤,0.2-2.5-10μm)",叶面光滑;气孔密度低;蜡质中等(69-80μg/cm²),"Zhang B-J et al., 2025, Journal of Environmental Management",10.1016/j.jenvman.2024.124027,"武汉解放公园内外双地点,秋冬两季均值(n=16)。PM10=PM2.5+粗颗粒(2.5-10μm)。TSP未测定。 [2026-06-17 μg/cm²→g/m²换算修正: ÷100替换原错误÷10]"
海桐,Pittosporum tobira,灌木,交通干道,0.837,,,合肥,80.0,42.0,16.0,75.0,春季,7.0,5.0,滤膜称重法,,"杨帆等, 2020, 长春师范大学学报",,
海桐,Pittosporum tobira,灌木,公园清洁区,2.763,,,扬州,105.0,50.0,15.5,75.0,夏季,7.0,3.0,滤膜称重法,,"俞莉莉等, 2012, 北方园艺",,同一论文4功能区对比; 数据值高于杭州可能与扬州的工业粉尘特征有关
海桐,Pittosporum tobira,灌木,居住区,4.369,,,扬州,105.0,50.0,15.5,75.0,夏季,7.0,3.0,滤膜称重法,,"俞莉莉等, 2012, 北方园艺",,同一论文4功能区对比; 数据值高于杭州可能与扬州的工业粉尘特征有关
海桐,Pittosporum tobira,灌木,新兴区,3.938,,,扬州,105.0,50.0,15.5,75.0,夏季,7.0,3.0,滤膜称重法,,"俞莉莉等, 2012, 北方园艺",,同一论文4功能区对比; 数据值高于杭州可能与扬州的工业粉尘特征有关
海桐,Pittosporum tobira,灌木,街道绿地,5.496,,,扬州,105.0,50.0,15.5,75.0,夏季,7.0,3.0,滤膜称重法,,"俞莉莉等, 2012, 北方园艺",,同一论文4功能区对比; 数据值高于杭州可能与扬州的工业粉尘特征有关
海桐,Pittosporum tobira,灌木,交通干道,4.6,,,杭州,100.0,45.0,17.0,78.0,夏季,7.0,5.0,滤膜称重法,叶面蜡质光滑,"李海梅等, 2021, 林业科学研究",10.13275/j.cnki.lykxyj.2021.04.010 ⚠柱状图人工读数,同一论文3功能区对比
海桐,Pittosporum tobira,灌木,工业区,6.44,0.96,0.46,杭州,130.0,60.0,17.0,78.0,夏季,7.0,5.0,滤膜称重法,叶面蜡质光滑,"李海梅等, 2021, 林业科学研究",10.13275/j.cnki.lykxyj.2021.04.010 ⚠柱状图人工读数,"同一论文3功能区对比; [PM补录] PM10=0.96, PM2.5=0.46 g/m²"
海桐,Pittosporum tobira,灌木,公园清洁区,2.31,,0.06,杭州,55.0,25.0,17.0,78.0,夏季,7.0,5.0,滤膜称重法,叶面蜡质光滑,"李海梅等, 2021, 林业科学研究",10.13275/j.cnki.lykxyj.2021.04.010 ⚠柱状图人工读数,同一论文3功能区对比; [PM补录] PM2.5=0.06 g/m²
海桐,Pittosporum tobira,灌木,交通干道,,0.1981,0.0354,武汉,,73.0,,,秋冬,7.0,16.0,"滤膜称重法(分级过滤,0.2-2.5-10μm)",叶面光滑微起伏;幼叶被稀疏柔毛;蜡质少(33-67μg/cm²),"Zhang B-J et al., 2025, Journal of Environmental Management",10.1016/j.jenvman.2024.124027,"武汉解放公园外道路旁,秋冬两季均值(n=16)。PM10=PM2.5+粗颗粒(2.5-10μm)。TSP未测定。 [2026-06-17 μg/cm²→g/m²换算修正: ÷100替换原错误÷10]"
海桐,Pittosporum tobira,灌木,公园清洁区,,0.1108,,武汉,95.0,55.0,17.0,75.0,冬季,7.0,3.0,滤膜称重法(PM10/PM2.5分级),,"张冰洁, 2024, 华中农业大学硕士论文",,解放公园内部; 冬季PM10=11.08±1.17 µg/cm²; 外部显著高于内部 [2026-06-17 μg/cm²→g/m²换算修正: ÷100替换原错误÷10]
海桐,Pittosporum tobira,灌木,公园清洁区,,0.0854,0.0295,武汉,95.0,55.0,17.0,75.0,夏季,7.0,3.0,滤膜称重法(PM10/PM2.5分级),,"张冰洁, 2024, 华中农业大学硕士论文",,"解放公园内部; 夏季PM10=8.54±1.05 µg/cm², 显著高于外部(P<0.05); PM2.5=2.95±0.46 [2026-06-17 μg/cm²→g/m²换算修正: ÷100替换原错误÷10]"
海桐,Pittosporum tobira,灌木,公园清洁区,,0.0696,0.0254,武汉,95.0,55.0,17.0,75.0,春季,7.0,3.0,滤膜称重法(PM10/PM2.5分级),,"张冰洁, 2024, 华中农业大学硕士论文",,"解放公园内部; 春季PM10=6.96±0.79, PM2.5=2.54±0.34 µg/cm² [2026-06-17 μg/cm²→g/m²换算修正: ÷100替换原错误÷10]"
海桐,Pittosporum tobira,灌木,公园清洁区,,0.1431,0.0333,武汉,,73.0,,,秋冬,7.0,16.0,"滤膜称重法(分级过滤,0.2-2.5-10μm)",叶面光滑微起伏;幼叶被稀疏柔毛;蜡质少(33-67μg/cm²),"Zhang B-J et al., 2025, Journal of Environmental Management",10.1016/j.jenvman.2024.124027,"武汉解放公园内外双地点,秋冬两季均值(n=16)。PM10=PM2.5+粗颗粒(2.5-10μm)。TSP未测定。 [2026-06-17 μg/cm²→g/m²换算修正: ÷100替换原错误÷10]"
海桐,Pittosporum tobira,灌木,城市混合,,0.2091,,武汉,95.0,55.0,17.0,75.0,冬季,7.0,3.0,滤膜称重法(PM10/PM2.5分级),,"张冰洁, 2024, 华中农业大学硕士论文",,解放公园外部(近交通); 冬季PM10=20.91±1.35 µg/cm²; 显著高于内部(P<0.05) [2026-06-17 μg/cm²→g/m²换算修正: ÷100替换原错误÷10]
海桐,Pittosporum tobira,灌木,城市混合,,0.0537,0.0202,武汉,95.0,55.0,17.0,75.0,夏季,7.0,3.0,滤膜称重法(PM10/PM2.5分级),,"张冰洁, 2024, 华中农业大学硕士论文",,"解放公园外部(近交通); 夏季PM10=5.37±0.38, PM2.5=2.02±0.45 µg/cm² [2026-06-17 μg/cm²→g/m²换算修正: ÷100替换原错误÷10]"
海桐,Pittosporum tobira,灌木,城市混合,,0.0682,0.0234,武汉,95.0,55.0,17.0,75.0,春季,7.0,3.0,滤膜称重法(PM10/PM2.5分级),,"张冰洁, 2024, 华中农业大学硕士论文",,"解放公园外部(近交通); 春季PM10=6.82±1.12, PM2.5=2.34±0.26 µg/cm² [2026-06-17 μg/cm²→g/m²换算修正: ÷100替换原错误÷10]"
海桐,Pittosporum tobira,灌木,交通干道,,,0.0004,长沙,70.0,35.0,,,冬季,7.0,10.0,"微孔滤膜分级过滤法(水溶消解,10μm/2.5μm/0.1μm三级)","嫩叶两面被绒毛,后变秃;叶面较平整","Chen Yazhen et al., 2023, Scientific Reports",10.1038/s41598-023-39975-w,"长沙韶山路/芙蓉路绿化带,2017-12-25采样。长沙2017年年均PM2.5=35μg/m³(中国二级标准限值),PM10=70μg/m³(二级标准限值)。仅PM2.5数据从正文提取,TSP和PM10需从Figure 1柱状图人工读数。PM2.5值极低(0.0004g/m²),可能因水溶消解法对海桐叶面蜡质层洗脱不足。"
红叶石楠,Photinia × fraseri,灌木,城市混合(6功能区均值),6.189,,,南京,75.0,40.0,15.5,75.0,夏季,7.0,18.0,滤膜称重法,,"张俊叶等, 2019, 环境污染与防治",10.15985/j.cnki.1001-3865.2019.07.019,南京6功能区综合均值
红叶石楠,Photinia × fraseri,灌木,交通干道,2.5474,,,南昌,85.0,45.0,17.0,75.0,夏季,25.0,5.0,滤膜称重法,新生嫩叶含黏性物质,"王珍珍, 2019, 东华理工大学硕士论文",,南昌首次数据; 25天最大滞尘量; 道路绿地8种中排名第2
红叶石楠,Photinia × fraseri,灌木,交通干道,2.5474,,,南昌,,,,,秋季,25.0,2.0,超声波清洗+滤膜称重(0.45μm),"叶革质,倒卵状,边缘锯齿;叶面光滑蜡质层明显","王珍珍, 硕士论文, 东华理工大学",,"南昌凤凰中大道分车绿带,2018年9-11月连续5次采样,取第25d最大滞尘量。TSP数据,无PM分级。"
红叶石楠,Photinia × fraseri,灌木,交通干道,1.679,,,合肥,80.0,42.0,16.0,75.0,春季,7.0,5.0,滤膜称重法,,"杨帆等, 2020, 长春师范大学学报",,
红叶石楠,Photinia × fraseri,灌木,公园清洁区,5.336,,,扬州,105.0,50.0,15.5,75.0,夏季,7.0,3.0,滤膜称重法,,"俞莉莉等, 2012, 北方园艺",,同一论文4功能区对比; 数据值高于杭州可能与扬州的工业粉尘特征有关
红叶石楠,Photinia × fraseri,灌木,居住区,7.414,,,扬州,105.0,50.0,15.5,75.0,夏季,7.0,3.0,滤膜称重法,,"俞莉莉等, 2012, 北方园艺",,同一论文4功能区对比; 数据值高于杭州可能与扬州的工业粉尘特征有关
红叶石楠,Photinia × fraseri,灌木,新兴区,5.649,,,扬州,105.0,50.0,15.5,75.0,夏季,7.0,3.0,滤膜称重法,,"俞莉莉等, 2012, 北方园艺",,同一论文4功能区对比; 数据值高于杭州可能与扬州的工业粉尘特征有关
红叶石楠,Photinia × fraseri,灌木,街道绿地,10.843,,,扬州,105.0,50.0,15.5,75.0,夏季,7.0,3.0,滤膜称重法,,"俞莉莉等, 2012, 北方园艺",,同一论文4功能区对比; 数据值高于杭州可能与扬州的工业粉尘特征有关
红叶石楠,Photinia × fraseri,灌木,交通干道,3.3,,,杭州,100.0,45.0,17.0,78.0,夏季,7.0,5.0,滤膜称重法,叶面有浅沟槽,"李海梅等, 2021, 林业科学研究",10.13275/j.cnki.lykxyj.2021.04.010 ⚠柱状图人工读数,同一论文3功能区对比
红叶石楠,Photinia × fraseri,灌木,交通干道(中央隔离带),1.846,,,杭州,100.0,45.0,17.0,78.0,夏季,7.0,5.0,滤膜称重法,,"江胜利, 2012, 浙江农林大学硕士论文",,"道路中央隔离带, 距污染源最近"
红叶石楠,Photinia × fraseri,灌木,交通干道(人行道),1.135,,,杭州,80.0,38.0,17.0,78.0,夏季,7.0,5.0,滤膜称重法,,"江胜利, 2012, 浙江农林大学硕士论文",,"人行道, 距污染源较远"
红叶石楠,Photinia × fraseri,灌木,交通干道(机非隔离带),1.581,,,杭州,90.0,42.0,17.0,78.0,夏季,7.0,5.0,滤膜称重法,,"江胜利, 2012, 浙江农林大学硕士论文",,机非隔离带
红叶石楠,Photinia × fraseri,灌木,工业区,4.28,0.72,0.55,杭州,130.0,60.0,17.0,78.0,夏季,7.0,5.0,滤膜称重法,叶面有浅沟槽,"李海梅等, 2021, 林业科学研究",10.13275/j.cnki.lykxyj.2021.04.010 ⚠柱状图人工读数,"同一论文3功能区对比; [PM补录] PM10=0.72, PM2.5=0.55 g/m²"
红叶石楠,Photinia × fraseri,灌木,公园清洁区,1.62,,0.14,杭州,55.0,25.0,17.0,78.0,夏季,7.0,5.0,滤膜称重法,叶面有浅沟槽,"李海梅等, 2021, 林业科学研究",10.13275/j.cnki.lykxyj.2021.04.010 ⚠柱状图人工读数,同一论文3功能区对比; [PM补录] PM2.5=0.14 g/m²
红叶石楠,Photinia × fraseri,灌木,文教区,0.562,,,武汉,95.0,55.0,16.5,75.0,全年,4.0,12.0,滤膜称重法,叶表光滑,"高丹丹, 2017, 湖北大学硕士论文",,武汉3功能区对比; 湖北大学校园年均值; 16种中排名第8; 四季:春0.720/夏0.336/秋0.391/冬0.802
红花檵木,Loropetalum chinense var. rubrum,灌木,交通干道,1.9439,,,南昌,85.0,45.0,17.0,75.0,夏季,25.0,5.0,滤膜称重法,叶表密集绒毛,"王珍珍, 2019, 东华理工大学硕士论文",,"南昌首次数据; 25天最大滞尘量; 20d时峰值为2.2862,25d降至1.9439"
红花檵木,Loropetalum chinense var. rubrum,灌木,交通干道,1.9439,,,南昌,,,,,秋季,25.0,2.0,超声波清洗+滤膜称重(0.45μm),"叶革质互生,两面密被星状柔毛;叶面极粗糙","王珍珍, 2019, 东华理工大学硕士论文",,"南昌凤凰中大道分车绿带,2018年9-11月连续5次采样,25d饱和滞尘量。⚠2026-06-18修正:原2.2862为20d峰值,25d实为1.9439(Table4-1)。TSP数据,无PM分级。"
红花檵木,Loropetalum chinense var. rubrum,灌木,交通干道,1.861,,,合肥,80.0,42.0,16.0,75.0,春季,7.0,5.0,滤膜称重法,,"杨帆等, 2020, 长春师范大学学报",,合肥瑶海区道路绿化带
红花檵木,Loropetalum chinense var. rubrum,灌木,公园清洁区,8.701,,,扬州,105.0,50.0,15.5,75.0,夏季,7.0,3.0,滤膜称重法,,"俞莉莉等, 2012, 北方园艺",,同一论文4功能区对比; 数据值高于杭州可能与扬州的工业粉尘特征有关
红花檵木,Loropetalum chinense var. rubrum,灌木,居住区,12.783,,,扬州,105.0,50.0,15.5,75.0,夏季,7.0,3.0,滤膜称重法,,"俞莉莉等, 2012, 北方园艺",,同一论文4功能区对比; 数据值高于杭州可能与扬州的工业粉尘特征有关
红花檵木,Loropetalum chinense var. rubrum,灌木,新兴区,11.473,,,扬州,105.0,50.0,15.5,75.0,夏季,7.0,3.0,滤膜称重法,,"俞莉莉等, 2012, 北方园艺",,同一论文4功能区对比; 数据值高于杭州可能与扬州的工业粉尘特征有关
红花檵木,Loropetalum chinense var. rubrum,灌木,街道绿地,16.487,,,扬州,105.0,50.0,15.5,75.0,夏季,7.0,3.0,滤膜称重法,,"俞莉莉等, 2012, 北方园艺",,同一论文4功能区对比; 数据值高于杭州可能与扬州的工业粉尘特征有关
红花檵木,Loropetalum chinense var. rubrum,灌木,交通干道,2.83,1.39,0.59,杭州,100.0,45.0,17.0,78.0,夏季,7.0,5.0,滤膜称重法,"叶表密集绒毛,粗糙","李海梅等, 2021, 林业科学研究",10.13275/j.cnki.lykxyj.2021.04.010 ⚠柱状图人工读数,"同一论文3功能区对比; 所有5种中滞尘能力最强; [PM补录] PM10=1.39, PM2.5=0.59 g/m²; [修正] TSP从4.96更正为2.83(原文正文明确)"
红花檵木,Loropetalum chinense var. rubrum,灌木,工业区,7.36,2.98,1.68,杭州,130.0,60.0,17.0,78.0,夏季,7.0,5.0,滤膜称重法,"叶表密集绒毛,粗糙","李海梅等, 2021, 林业科学研究",10.13275/j.cnki.lykxyj.2021.04.010 ⚠柱状图人工读数,"同一论文3功能区对比; 所有5种中滞尘能力最强; [PM补录] PM10=2.98, PM2.5=1.68 g/m²"
红花檵木,Loropetalum chinense var. rubrum,灌木,公园清洁区,2.88,0.92,0.25,杭州,55.0,25.0,17.0,78.0,夏季,7.0,5.0,滤膜称重法,"叶表密集绒毛,粗糙","李海梅等, 2021, 林业科学研究",10.13275/j.cnki.lykxyj.2021.04.010 ⚠柱状图人工读数,"同一论文3功能区对比; 所有5种中滞尘能力最强; [PM补录] PM10=0.92, PM2.5=0.25 g/m²"
红花檵木,Loropetalum chinense var. rubrum,灌木,交通干道,,0.2021,0.0492,武汉,,73.0,,,秋冬,7.0,16.0,"滤膜称重法(分级过滤,0.2-2.5-10μm)",叶面粗糙;星状毛密被;沟槽宽;蜡质中高(91-121μg/cm²),"Zhang B-J et al., 2025, Journal of Environmental Management",10.1016/j.jenvman.2024.124027,"武汉解放公园外道路旁,秋冬两季均值(n=16)。PM10=PM2.5+粗颗粒(2.5-10μm)。TSP未测定。 [2026-06-17 μg/cm²→g/m²换算修正: ÷100替换原错误÷10]"
红花檵木,Loropetalum chinense var. rubrum,灌木,公园清洁区,,0.1294,0.0277,武汉,,73.0,,,秋冬,7.0,16.0,"滤膜称重法(分级过滤,0.2-2.5-10μm)",叶面粗糙;星状毛密被;沟槽宽;蜡质中高(91-121μg/cm²),"Zhang B-J et al., 2025, Journal of Environmental Management",10.1016/j.jenvman.2024.124027,"武汉解放公园内外双地点,秋冬两季均值(n=16)。PM10=PM2.5+粗颗粒(2.5-10μm)。TSP未测定。 [2026-06-17 μg/cm²→g/m²换算修正: ÷100替换原错误÷10]"
红花檵木,Loropetalum chinense var. rubrum,灌木,文教区,0.656,,,武汉,95.0,55.0,16.5,75.0,全年,4.0,12.0,滤膜称重法,"叶片小,树冠分层紧密","高丹丹, 2017, 湖北大学硕士论文",,武汉3功能区对比; 湖北大学校园年均值; 16种中排名第5; 四季:春0.803/夏0.417/秋0.485/冬0.921
红花檵木,Loropetalum chinense var. rubrum,灌木,交通干道,,,0.0254,长沙,70.0,35.0,,,冬季,7.0,10.0,"微孔滤膜分级过滤法(水溶消解,10μm/2.5μm/0.1μm三级)",叶两面被星状毛;叶面粗糙度高,"Chen Yazhen et al., 2023, Scientific Reports",10.1038/s41598-023-39975-w,"长沙韶山路/芙蓉路绿化带,2017-12-25采样。长沙2017年年均PM2.5=35μg/m³(中国二级标准限值),PM10=70μg/m³(二级标准限值)。仅PM2.5数据从正文提取,TSP和PM10需从Figure 1柱状图人工读数。"
杜鹃,Rhododendron simsii,灌木,交通干道,3.2544,,,南昌,,,,,秋季,25.0,2.0,超声波清洗+滤膜称重(0.45μm),"叶革质,上下密被褐色糙伏毛;叶面粗糙度高","王珍珍, 硕士论文, 东华理工大学",,"南昌凤凰中大道分车绿带,2018年9-11月连续5次采样,取第25d最大滞尘量。TSP数据,无PM分级。"
杜鹃,Rhododendron simsii,灌木,交通干道,,0.2476,0.0536,武汉,,73.0,,,秋冬,7.0,16.0,"滤膜称重法(分级过滤,0.2-2.5-10μm)",叶面密被糙伏毛;蜡质层最厚(185-257μg/cm²),"Zhang B-J et al., 2025, Journal of Environmental Management",10.1016/j.jenvman.2024.124027,"武汉解放公园外道路旁,秋冬两季均值(n=16)。PM10=PM2.5+粗颗粒(2.5-10μm)。TSP未测定。 [2026-06-17 μg/cm²→g/m²换算修正: ÷100替换原错误÷10]"
杜鹃,Rhododendron simsii,灌木,公园清洁区,,0.1469,0.0326,武汉,,73.0,,,秋冬,7.0,16.0,"滤膜称重法(分级过滤,0.2-2.5-10μm)",叶面密被糙伏毛;蜡质层最厚(185-257μg/cm²),"Zhang B-J et al., 2025, Journal of Environmental Management",10.1016/j.jenvman.2024.124027,"武汉解放公园内外双地点,秋冬两季均值(n=16)。PM10=PM2.5+粗颗粒(2.5-10μm)。TSP未测定。 [2026-06-17 μg/cm²→g/m²换算修正: ÷100替换原错误÷10]"
杜鹃,Rhododendron simsii,灌木,公园清洁区,0.1546,,,武汉,,,,,秋季,14.0,,滤膜称重法,叶片上下表面绒毛及沟槽吸附颗粒物,"陈小平, 2017, 华中农业大学博士论文",,"陈小平2017博士论文第三章。华中农业大学校园(HZAU)清洁对照区,2014年10月初采样,大雨后约2周。杜鹃在对照区TSP=15.46µg/cm²,与污染区(179.41)差距达10倍。原文单位µg/cm²,÷100换算为g/m²。"
杜鹃,Rhododendron simsii,灌木,工业区,1.7941,,,武汉,,,,,秋季,14.0,,滤膜称重法,叶片上下表面绒毛及沟槽吸附颗粒物,"陈小平, 2017, 华中农业大学博士论文",,"陈小平2017博士论文第三章。武钢焦化厂(WISC)工业区,2014年10月初采样,大雨后约2周。24种植物中杜鹃单位叶面积TSP最高(179.41µg/cm²)。原文单位µg/cm²,÷100换算为g/m²。"
杜鹃,Rhododendron simsii,灌木,文教区,0.555,,,武汉,95.0,55.0,16.5,75.0,全年,4.0,12.0,滤膜称重法,叶面密被糙伏毛;叶革质,"高丹丹, 2017, 湖北大学硕士论文",,"武汉湖北大学校园,2016-03至2017-02每月采样(共12次),雨后4d。四季TSP: 春0.692/夏0.421/秋0.41/冬0.695 g/m²。仅TSP数据,无PM10/PM2.5分级。论文另有5种植物×3功能区(校园/公园/道路)柱状图数据,需人工读图。"
八角金盘,Fatsia japonica,地被,公园清洁区,4.0,,,南京,70.0,38.0,15.5,75.0,夏季,7.0,,滤膜称重法,,"张家洋等, 2013, 西北师范大学学报(自然科学版)",,"20种道路绿化树木中归入第一类(最强等级), >0.4 mg/cm2"
八角金盘,Fatsia japonica,地被,城市混合,1.518,,,杭州,70.0,35.0,17.0,78.0,夏季,7.0,5.0,滤膜称重法,"叶面粗糙度31.83um(8种中最大),与滞尘显著正相关(r=0.784)","Wang et al., 2020, Polish J Environ Stud",10.15244/pjoes/101606,8种植物中排名第1
八角金盘,Fatsia japonica,地被,文教区,0.623,,,武汉,95.0,55.0,16.5,75.0,全年,4.0,12.0,滤膜称重法,叶面粗糙度大,"高丹丹, 2017, 湖北大学硕士论文",,武汉3功能区对比; 湖北大学校园年均值; 16种中排名第6; 四季:春0.755/夏0.358/秋0.517/冬0.863
洒金桃叶珊瑚,Aucuba japonica var. variegata,地被,交通干道,2.798,,,上海,65.0,32.0,16.5,75.0,夏季,7.0,3.0,滤膜称重法,,"李婵, 硕士论文, 上海师范大学",,莘庄地铁站数据
洒金桃叶珊瑚,Aucuba japonica var. variegata,地被,公园清洁区,1.842,,,上海,50.0,25.0,16.5,75.0,夏季,7.0,3.0,滤膜称重法,,"李婵, 硕士论文, 上海师范大学",,上海师范大学校园数据
洒金桃叶珊瑚,Aucuba japonica var. variegata,地被,城市混合,2.83,,,南京,70.0,38.0,15.5,75.0,夏季,7.0,5.0,滤膜称重法,叶面沟壑数量多，与滞尘量正相关,"王书恒等, 2021, 中国园林",10.19775/j.cla.2021.06.0111,南京6种植物中排名第1
麦冬,Ophiopogon japonicus,地被,交通干道,,0.2167,0.0485,武汉,,73.0,,,秋冬,7.0,16.0,"滤膜称重法(分级过滤,0.2-2.5-10μm)",叶面条带状沟槽;气孔区间凸起呈瘤状;蜡质中(30-68μg/cm²),"Zhang B-J et al., 2025, Journal of Environmental Management",10.1016/j.jenvman.2024.124027,"武汉解放公园外道路旁,秋冬两季均值(n=16)。PM10=PM2.5+粗颗粒(2.5-10μm)。TSP未测定。 [2026-06-17 μg/cm²→g/m²换算修正: ÷100替换原错误÷10]"
麦冬,Ophiopogon japonicus,地被,公园清洁区,,0.2542,0.0567,武汉,,73.0,,,秋冬,7.0,16.0,"滤膜称重法(分级过滤,0.2-2.5-10μm)",叶面条带状沟槽;气孔区间凸起呈瘤状;蜡质中(30-68μg/cm²),"Zhang B-J et al., 2025, Journal of Environmental Management",10.1016/j.jenvman.2024.124027,"武汉解放公园内外双地点,秋冬两季均值(n=16)。PM10=PM2.5+粗颗粒(2.5-10μm)。TSP未测定。 [2026-06-17 μg/cm²→g/m²换算修正: ÷100替换原错误÷10]"
麦冬,Ophiopogon japonicus,地被,交通干道,1.59,,,长沙,,,,,全年,5.0,15.0,"滤膜称重法(蒸馏水+氯仿洗脱,0.22μm)",叶面有突出的沟壑和凸起(prominent gullies and protrusions),"Kong L-Y, Huang X-H, Zhu F, 2025, International Journal of Phytoremediation",10.1080/15226514.2024.2436442,"长沙5座立交桥(赤新路/橘园/罗家嘴/涧塘/四方坪),2023年1/4/8/11月四季采样,雨后5d,晴天无风。11种植物中麦冬单位叶面积TSP最高(1.59g/m²),正文精确提及。论文中其他10种含香樟/桂花/广玉兰/海桐/红花檵木/红叶石楠/洒金桃叶珊瑚/八角金盘,但仅给出区间(0.79-1.16g/m²)或仅在柱状图中,无精确值。环境TSP: 5座立交桥四季均值为173μg/m³(夏季最低45±2.2,冬季最高250±4.9)。"
麦冬,Ophiopogon japonicus,地被,公园清洁区,9.62,7.47,1.2,长沙,60.0,35.0,17.5,80.0,春,7.0,5.0,滤膜称重法,,"李巧云等, 2021, 西北林学院学报, 36(6):79-84",,⚠气溶胶再发生器法(非标准超声清洗); PM10≥TSP异常(已标注); 麦冬TSP=9.62为正文精确值; 季节修正:2019年4月9日采样应为春季(原误标夏)
二球悬铃木,Platanus acerifolia,乔木,城市混合,5.31,,,武汉,,,,,春,5.0,,蒸馏水清洗+滤膜称重,,"戴希刚等, 2016, 湖北农业科学, (9)",10.14088/j.cnki.issn0439-8114.2016.09.031,"江汉路商业区,2013年5月采样。数据来自原文表2,用户手动读取。±SD值见原文。"
香樟,Cinnamomum camphora,乔木,城市混合,2.89,,,武汉,,,,,春,5.0,,蒸馏水清洗+滤膜称重,,"戴希刚等, 2016, 湖北农业科学, (9)",10.14088/j.cnki.issn0439-8114.2016.09.031,"江汉路商业区,2013年5月采样。数据来自原文表2,用户手动读取。±SD值见原文。"
海桐,Pittosporum tobira,灌木,城市混合,1.34,,,武汉,,,,,春,5.0,,蒸馏水清洗+滤膜称重,,"戴希刚等, 2016, 湖北农业科学, (9)",10.14088/j.cnki.issn0439-8114.2016.09.031,"江汉路商业区,2013年5月采样。数据来自原文表2,用户手动读取。±SD值见原文。"
红花檵木,Loropetalum chinense var. rubrum,灌木,城市混合,4.02,,,武汉,,,,,春,5.0,,蒸馏水清洗+滤膜称重,,"戴希刚等, 2016, 湖北农业科学, (9)",10.14088/j.cnki.issn0439-8114.2016.09.031,"江汉路商业区,2013年5月采样。数据来自原文表2,用户手动读取。±SD值见原文。"
桂花,Osmanthus fragrans,乔木,公园清洁区,5.51,3.4,1.17,长沙,,,,,春,7.0,5.0,超声波清洗+微孔滤膜称重(分级过滤:100/10/2.5μm),,"李巧云等, 2021, 西北林学院学报, 36(6):79-84",10.3969/j.issn.1001-7461.2021.06.11,⚠气溶胶再发生器法(非标准超声清洗); 桂花TSP/PM10/PM2.5; 季节修正:2019年4月9日采样应为春季(原误标秋)
广玉兰,Magnolia grandiflora,乔木,公园清洁区,0.75,0.22,0.07,长沙,,,,,春,7.0,5.0,超声波清洗+微孔滤膜称重(分级过滤:100/10/2.5μm),,"李巧云等, 2021, 西北林学院学报, 36(6):79-84",10.3969/j.issn.1001-7461.2021.06.11,⚠气溶胶再发生器法(非标准超声清洗); 广玉兰TSP/PM10/PM2.5; 季节修正:2019年4月9日采样应为春季(原误标秋)
香樟,Cinnamomum camphora,乔木,公园清洁区,3.38,2.0,0.53,长沙,,,,,春,7.0,5.0,超声波清洗+微孔滤膜称重(分级过滤:100/10/2.5μm),,"李巧云等, 2021, 西北林学院学报, 36(6):79-84",10.3969/j.issn.1001-7461.2021.06.11,⚠气溶胶再发生器法(非标准超声清洗); 香樟TSP/PM10/PM2.5; 季节修正:2019年4月9日采样应为春季(原误标秋)
红花檵木,Loropetalum chinense var. rubrum,灌木,公园清洁区,5.7,3.63,1.33,长沙,,,,,春,7.0,5.0,超声波清洗+微孔滤膜称重(分级过滤:100/10/2.5μm),,"李巧云等, 2021, 西北林学院学报, 36(6):79-84",10.3969/j.issn.1001-7461.2021.06.11,⚠气溶胶再发生器法(非标准超声清洗); 红花檵木TSP/PM10/PM2.5; 季节修正:2019年4月9日采样应为春季(原误标秋)
香樟,Cinnamomum camphora,乔木,文教区,0.22,0.11,0.09,南昌,,,,,全年,7.0,12.0,超声波清洗+微孔滤膜称重(分级过滤:10/2.5μm),,"苏维等, 2020, 西北林学院学报, 35(4):61-67",10.3969/j.issn.1001-7461.2020.04.11,"江西农业大学校园内,远离主干道200m。春(4月)/夏(7月)/秋(10月)/冬(1月)四季均值。SPM2.5/SPM10/STSP分别对应PM2.5/PM10/TSP。值偏低因①校园低污染环境②四季均值稀释(冬/雨季低值拉低)。"
广玉兰,Magnolia grandiflora,乔木,文教区,0.46,0.12,0.09,南昌,,,,,全年,7.0,12.0,超声波清洗+微孔滤膜称重(分级过滤:10/2.5μm),,"苏维等, 2020, 西北林学院学报, 35(4):61-67",10.3969/j.issn.1001-7461.2020.04.11,"江西农业大学校园内,远离主干道200m。春(4月)/夏(7月)/秋(10月)/冬(1月)四季均值。SPM2.5/SPM10/STSP分别对应PM2.5/PM10/TSP。值偏低因①校园低污染环境②四季均值稀释(冬/雨季低值拉低)。"
香樟,Cinnamomum camphora,乔木,居住区,1.352,,,南昌,221.63,125.53,12.4,44.5,冬季,14,3,水洗法+滤膜称重,,"韩世明, 2017, 东华理工大学硕士论文",,红岭花园三期; 第1/2/3周=1.0847/1.3791/1.5921 g/m2; 平均值; 3次重复; 6种中排名第5
桂花,Osmanthus fragrans,乔木,居住区,2.2764,,,南昌,221.63,125.53,12.4,44.5,冬季,14,3,水洗法+滤膜称重,,"韩世明, 2017, 东华理工大学硕士论文",,红岭花园三期; 第1/2/3周=1.8964/2.3081/2.6247 g/m2; 强滞尘能力; 6种中排名第2
广玉兰,Magnolia grandiflora,乔木,居住区,1.0483,,,南昌,221.63,125.53,12.4,44.5,冬季,14,3,水洗法+滤膜称重,,"韩世明, 2017, 东华理工大学硕士论文",,红岭花园三期; 第1/2/3周=0.7921/1.0138/1.2689 g/m2; 弱滞尘能力; 6种中排名第6
香樟,Cinnamomum camphora,乔木,居住区,0.8777,,,南昌,184.1,105.1,13.5,46.0,冬季,14,3,水洗法+滤膜称重,,"韩世明, 2017, 东华理工大学硕士论文",,奥克斯盛世经典; 第1/2/3周=0.6563/0.8685/1.0182 g/m2; 中滞尘能力; 8种中排名第6
桂花,Osmanthus fragrans,乔木,居住区,1.2365,,,南昌,184.1,105.1,13.5,46.0,冬季,14,3,水洗法+滤膜称重,,"韩世明, 2017, 东华理工大学硕士论文",,奥克斯盛世经典; 第1/2/3周=0.8724/1.2907/1.5465 g/m2; 强滞尘能力; 8种中排名第2
红叶石楠,Photinia × fraseri,灌木,居住区,1.0586,,,南昌,184.1,105.1,13.5,46.0,冬季,14,3,水洗法+滤膜称重,,"韩世明, 2017, 东华理工大学硕士论文",,奥克斯盛世经典; 第1/2/3周=0.7735/1.1049/1.3074 g/m2; 中滞尘能力; 8种中排名第3
桂花,Osmanthus fragrans,乔木,居住区,1.767,,,南昌,191.2,108.9,13.0,46.9,冬季,14,3,水洗法+滤膜称重,,"韩世明, 2017, 东华理工大学硕士论文",,地中海阳光; 第1/2/3周=1.5172/1.7301/2.0535 g/m2; 强滞尘能力; 8种中排名第1
红叶石楠,Photinia × fraseri,灌木,居住区,1.3335,,,南昌,191.2,108.9,13.0,46.9,冬季,14,3,水洗法+滤膜称重,,"韩世明, 2017, 东华理工大学硕士论文",,地中海阳光; 第1/2/3周=1.1298/1.3396/1.5310 g/m2; 中滞尘能力; 8种中排名第3
香樟,Cinnamomum camphora,乔木,居住区,0.9557,,,南昌,191.2,108.9,13.0,46.9,冬季,14,3,水洗法+滤膜称重,,"韩世明, 2017, 东华理工大学硕士论文",,地中海阳光; 第1/2/3周=0.7892/0.8973/1.1805 g/m2; 中滞尘能力; 8种中排名第6
红叶石楠,Photinia × fraseri,灌木,交通干道,1.5599,,,南昌,,,,,,,,,,"刘庆等, 2009, 江西农业大学学报, 31(6):1063-1068",10.3969/j.issn.1000-2286.2009.06.017,"表1南昌市常见道路绿化植物滞尘比较。单位叶面积滞尘量(g/m²)。⚠数据来源:DeepSeek网页端图像识别提取图片表格,非机读文本。灌木中排名第1(4种灌木)。"
海桐,Pittosporum tobira,灌木,交通干道,1.4927,,,南昌,,,,,,,,,,"刘庆等, 2009, 江西农业大学学报, 31(6):1063-1068",10.3969/j.issn.1000-2286.2009.06.017,表1南昌市常见道路绿化植物滞尘比较。单位叶面积滞尘量(g/m²)。⚠数据来源:DeepSeek网页端图像识别提取图片表格。灌木中排名第2(4种灌木)。
女贞,Ligustrum lucidum,乔木,交通干道,1.2466,,,南昌,,,,,,,,,,"刘庆等, 2009, 江西农业大学学报, 31(6):1063-1068",10.3969/j.issn.1000-2286.2009.06.017,表1南昌市常见道路绿化植物滞尘比较。单位叶面积滞尘量(g/m²)。⚠数据来源:DeepSeek网页端图像识别提取图片表格。乔木中排名第3(8种乔木)。
广玉兰,Magnolia grandiflora,乔木,交通干道,1.1846,,,南昌,,,,,,,,,,"刘庆等, 2009, 江西农业大学学报, 31(6):1063-1068",10.3969/j.issn.1000-2286.2009.06.017,表1南昌市常见道路绿化植物滞尘比较。单位叶面积滞尘量(g/m²)。⚠数据来源:DeepSeek网页端图像识别提取图片表格。乔木中排名第4(8种乔木)。
香樟,Cinnamomum camphora,乔木,交通干道,1.1546,,,南昌,,,,,,,,,,"刘庆等, 2009, 江西农业大学学报, 31(6):1063-1068",10.3969/j.issn.1000-2286.2009.06.017,表1南昌市常见道路绿化植物滞尘比较。单位叶面积滞尘量(g/m²)。⚠数据来源:DeepSeek网页端图像识别提取图片表格。表记'樟树'。乔木中排名第5(8种乔木)。
桂花,Osmanthus fragrans,乔木,交通干道,0.8941,,,南昌,,,,,,,,,,"刘庆等, 2009, 江西农业大学学报, 31(6):1063-1068",10.3969/j.issn.1000-2286.2009.06.017,表1南昌市常见道路绿化植物滞尘比较。单位叶面积滞尘量(g/m²)。⚠数据来源:DeepSeek网页端图像识别提取图片表格。乔木中排名第7(8种乔木)。
杜鹃,Rhododendron simsii,灌木,交通干道,0.8489,,,南昌,,,,,,,,,,"刘庆等, 2009, 江西农业大学学报, 31(6):1063-1068",10.3969/j.issn.1000-2286.2009.06.017,"表1南昌市常见道路绿化植物滞尘比较。单位叶面积滞尘量(g/m²)。⚠数据来源:DeepSeek网页端图像识别提取图片表格。灌木中排名第4(4种灌木),15种中末位。"
二球悬铃木,Platanus acerifolia,乔木,交通干道,6.9345,,,武汉,,,,,,5,,滤膜称重法,,"余曼,汪正祥,雷耘等, 2009, 环境工程学报, 3(7):1333-1339",,"武汉一环线解放大道,大雨后5d采样。滤膜称重法。二球悬铃木 TSP=6.9345g/m²(原文16树种)。"
桂花,Osmanthus fragrans,乔木,交通干道,1.7055,,,武汉,,,,,,5,,滤膜称重法,,"余曼,汪正祥,雷耘等, 2009, 环境工程学报, 3(7):1333-1339",,"武汉一环线解放大道,大雨后5d采样。滤膜称重法。桂花 TSP=1.7055g/m²(原文16树种)。"
红花檵木,Loropetalum chinense var. rubrum,灌木,交通干道,4.0373,,,武汉,,,,,,5,,滤膜称重法,,"余曼,汪正祥,雷耘等, 2009, 环境工程学报, 3(7):1333-1339",,"武汉一环线解放大道,大雨后5d采样。滤膜称重法。红花檵木 TSP=4.0373g/m²(原文16树种)。"
杜鹃,Rhododendron simsii,灌木,交通干道,3.8857,,,武汉,,,,,,5,,滤膜称重法,,"余曼,汪正祥,雷耘等, 2009, 环境工程学报, 3(7):1333-1339",,"武汉一环线解放大道,大雨后5d采样。滤膜称重法。杜鹃 TSP=3.8857g/m²(原文16树种)。"
洒金桃叶珊瑚,Aucuba japonica var. variegata,地被,交通干道,2.3238,,,武汉,,,,,,5,,滤膜称重法,,"余曼,汪正祥,雷耘等, 2009, 环境工程学报, 3(7):1333-1339",,"武汉一环线解放大道,大雨后5d采样。滤膜称重法。洒金桃叶珊瑚 TSP=2.3238g/m²(原文16树种)。 原文记为花叶青木。"
八角金盘,Fatsia japonica,地被,交通干道,0.9235,,,武汉,,,,,,5,,滤膜称重法,,"余曼,汪正祥,雷耘等, 2009, 环境工程学报, 3(7):1333-1339",,"武汉一环线解放大道,大雨后5d采样。滤膜称重法。八角金盘 TSP=0.9235g/m²(原文16树种)。"
广玉兰,Magnolia grandiflora,乔木,工业区,4.211,,,合肥,,,,,,7,,滤膜称重法,,"吴中能,于一苏,边艳霞, 2001, 安徽农业科学, 29(6):780-783",10.3969/j.issn.0517-6611.2001.06.042,"雨后7d采样。施工工地(尘量多,近似工业区)。滤膜称重法。合肥首次乔木滞尘数据。广玉兰 TSP=4.211g/m²(15树种中)。"
广玉兰,Magnolia grandiflora,乔木,交通干道,2.988,,,合肥,,,,,,7,,滤膜称重法,,"吴中能,于一苏,边艳霞, 2001, 安徽农业科学, 29(6):780-783",10.3969/j.issn.0517-6611.2001.06.042,雨后7d采样。长江西路(车辆频繁)。滤膜称重法。合肥首次乔木滞尘数据。广玉兰 TSP=2.988g/m²(15树种中)。
广玉兰,Magnolia grandiflora,乔木,文教区,1.64,,,合肥,,,,,,7,,滤膜称重法,,"吴中能,于一苏,边艳霞, 2001, 安徽农业科学, 29(6):780-783",10.3969/j.issn.0517-6611.2001.06.042,雨后7d采样。科技园(环境优雅的高新技术开发区)。滤膜称重法。合肥首次乔木滞尘数据。广玉兰 TSP=1.64g/m²(15树种中)。
女贞,Ligustrum lucidum,乔木,工业区,3.92,,,合肥,,,,,,7,,滤膜称重法,,"吴中能,于一苏,边艳霞, 2001, 安徽农业科学, 29(6):780-783",10.3969/j.issn.0517-6611.2001.06.042,"雨后7d采样。施工工地(尘量多,近似工业区)。滤膜称重法。合肥首次乔木滞尘数据。女贞 TSP=3.92g/m²(15树种中)。"
女贞,Ligustrum lucidum,乔木,交通干道,2.548,,,合肥,,,,,,7,,滤膜称重法,,"吴中能,于一苏,边艳霞, 2001, 安徽农业科学, 29(6):780-783",10.3969/j.issn.0517-6611.2001.06.042,雨后7d采样。长江西路(车辆频繁)。滤膜称重法。合肥首次乔木滞尘数据。女贞 TSP=2.548g/m²(15树种中)。
女贞,Ligustrum lucidum,乔木,文教区,0.75,,,合肥,,,,,,7,,滤膜称重法,,"吴中能,于一苏,边艳霞, 2001, 安徽农业科学, 29(6):780-783",10.3969/j.issn.0517-6611.2001.06.042,雨后7d采样。科技园(环境优雅的高新技术开发区)。滤膜称重法。合肥首次乔木滞尘数据。女贞 TSP=0.75g/m²(15树种中)。
香樟,Cinnamomum camphora,乔木,工业区,2.085,,,合肥,,,,,,7,,滤膜称重法,,"吴中能,于一苏,边艳霞, 2001, 安徽农业科学, 29(6):780-783",10.3969/j.issn.0517-6611.2001.06.042,"雨后7d采样。施工工地(尘量多,近似工业区)。滤膜称重法。合肥首次乔木滞尘数据。香樟 TSP=2.085g/m²(15树种中)。"
香樟,Cinnamomum camphora,乔木,交通干道,1.177,,,合肥,,,,,,7,,滤膜称重法,,"吴中能,于一苏,边艳霞, 2001, 安徽农业科学, 29(6):780-783",10.3969/j.issn.0517-6611.2001.06.042,雨后7d采样。长江西路(车辆频繁)。滤膜称重法。合肥首次乔木滞尘数据。香樟 TSP=1.177g/m²(15树种中)。
香樟,Cinnamomum camphora,乔木,文教区,0.616,,,合肥,,,,,,7,,滤膜称重法,,"吴中能,于一苏,边艳霞, 2001, 安徽农业科学, 29(6):780-783",10.3969/j.issn.0517-6611.2001.06.042,雨后7d采样。科技园(环境优雅的高新技术开发区)。滤膜称重法。合肥首次乔木滞尘数据。香樟 TSP=0.616g/m²(15树种中)。
桂花,Osmanthus fragrans,乔木,工业区,2.566,,,合肥,,,,,,7,,滤膜称重法,,"吴中能,于一苏,边艳霞, 2001, 安徽农业科学, 29(6):780-783",10.3969/j.issn.0517-6611.2001.06.042,"雨后7d采样。施工工地(尘量多,近似工业区)。滤膜称重法。合肥首次乔木滞尘数据。桂花 TSP=2.566g/m²(15树种中)。"
桂花,Osmanthus fragrans,乔木,交通干道,1.95,,,合肥,,,,,,7,,滤膜称重法,,"吴中能,于一苏,边艳霞, 2001, 安徽农业科学, 29(6):780-783",10.3969/j.issn.0517-6611.2001.06.042,雨后7d采样。长江西路(车辆频繁)。滤膜称重法。合肥首次乔木滞尘数据。桂花 TSP=1.95g/m²(15树种中)。
桂花,Osmanthus fragrans,乔木,文教区,0.681,,,合肥,,,,,,7,,滤膜称重法,,"吴中能,于一苏,边艳霞, 2001, 安徽农业科学, 29(6):780-783",10.3969/j.issn.0517-6611.2001.06.042,雨后7d采样。科技园(环境优雅的高新技术开发区)。滤膜称重法。合肥首次乔木滞尘数据。桂花 TSP=0.681g/m²(15树种中)。
二球悬铃木,Platanus acerifolia,乔木,交通干道,1.186,,,合肥,,,,,,7,,滤膜称重法,,"吴中能,于一苏,边艳霞, 2001, 安徽农业科学, 29(6):780-783",10.3969/j.issn.0517-6611.2001.06.042,雨后7d采样。长江西路(车辆频繁)。滤膜称重法。合肥首次乔木滞尘数据。二球悬铃木 TSP=1.186g/m²(15树种中)。
石楠,Photinia serrulata,灌木,工业区,5.582,,,合肥,,,,,,7,,滤膜称重法,,"吴中能,于一苏,边艳霞, 2001, 安徽农业科学, 29(6):780-783",10.3969/j.issn.0517-6611.2001.06.042,"雨后7d采样。施工工地(尘量多,近似工业区)。滤膜称重法。合肥首次乔木滞尘数据。石楠 TSP=5.582g/m²(15树种中)。"
石楠,Photinia serrulata,灌木,交通干道,3.767,,,合肥,,,,,,7,,滤膜称重法,,"吴中能,于一苏,边艳霞, 2001, 安徽农业科学, 29(6):780-783",10.3969/j.issn.0517-6611.2001.06.042,雨后7d采样。长江西路(车辆频繁)。滤膜称重法。合肥首次乔木滞尘数据。石楠 TSP=3.767g/m²(15树种中)。
石楠,Photinia serrulata,灌木,文教区,0.939,,,合肥,,,,,,7,,滤膜称重法,,"吴中能,于一苏,边艳霞, 2001, 安徽农业科学, 29(6):780-783",10.3969/j.issn.0517-6611.2001.06.042,雨后7d采样。科技园(环境优雅的高新技术开发区)。滤膜称重法。合肥首次乔木滞尘数据。石楠 TSP=0.939g/m²(15树种中)。
杜鹃,Rhododendron simsii,灌木,公园清洁区,,,0.014072,长沙,,,,,,,3,气溶胶再发生器法(⚠非标准),,"叶志群,李奕宏,黄盼,李巧云,朱颖芳, 2023, 湖南林业科技, 50(5):34-38",10.3969/j.issn.1003-5710.2023.05.006,"采样点:湖南省植物园。⚠气溶胶再发生器法(非标准超声清洗),数值不可与其他论文直接比较。原值:1.4072μg/cm²,÷100=0.014072g/m²。9种PM2.5排名#[]杜鹃。"
红叶石楠,Photinia × fraseri,灌木,公园清洁区,,,0.011446,长沙,,,,,,,3,气溶胶再发生器法(⚠非标准),,"叶志群,李奕宏,黄盼,李巧云,朱颖芳, 2023, 湖南林业科技, 50(5):34-38",10.3969/j.issn.1003-5710.2023.05.006,"采样点:湖南省植物园。⚠气溶胶再发生器法(非标准超声清洗),数值不可与其他论文直接比较。原值:1.1446μg/cm²,÷100=0.011446g/m²。9种PM2.5排名#[]红叶石楠。"
桂花,Osmanthus fragrans,乔木,公园清洁区,,,0.006027,长沙,,,,,,,3,气溶胶再发生器法(⚠非标准),,"叶志群,李奕宏,黄盼,李巧云,朱颖芳, 2023, 湖南林业科技, 50(5):34-38",10.3969/j.issn.1003-5710.2023.05.006,"采样点:湖南省植物园。⚠气溶胶再发生器法(非标准超声清洗),数值不可与其他论文直接比较。原值:0.6027μg/cm²,÷100=0.006027g/m²。9种PM2.5排名#[]桂花。"
广玉兰,Magnolia grandiflora,乔木,公园清洁区,,,0.004035,长沙,,,,,,,3,气溶胶再发生器法(⚠非标准),,"叶志群,李奕宏,黄盼,李巧云,朱颖芳, 2023, 湖南林业科技, 50(5):34-38",10.3969/j.issn.1003-5710.2023.05.006,"采样点:湖南省植物园。⚠气溶胶再发生器法(非标准超声清洗),数值不可与其他论文直接比较。原值:0.4035μg/cm²,÷100=0.004035g/m²。9种PM2.5排名#[]广玉兰。"
香樟,Cinnamomum camphora,乔木,公园清洁区,,,0.003501,长沙,,,,,,,3,气溶胶再发生器法(⚠非标准),,"叶志群,李奕宏,黄盼,李巧云,朱颖芳, 2023, 湖南林业科技, 50(5):34-38",10.3969/j.issn.1003-5710.2023.05.006,"采样点:湖南省植物园。⚠气溶胶再发生器法(非标准超声清洗),数值不可与其他论文直接比较。原值:0.3501μg/cm²,÷100=0.003501g/m²。9种PM2.5排名#[]香樟。"
红花檵木,Loropetalum chinense var. rubrum,灌木,交通干道,4.6828,,,武汉,,,,,,5,,滤膜称重法,,"余曼,汪正祥,雷耘等, 2009, 环境工程学报, 3(7):1333-1339",,"武胜路(车流量145辆/min,一环线最高)。雨后5d,滤膜称重法。红花檵木TSP与车流量呈极显著正相关(r=0.9747)。"
红花檵木,Loropetalum chinense var. rubrum,灌木,交通干道,3.9139,,,武汉,,,,,,5,,滤膜称重法,,"余曼,汪正祥,雷耘等, 2009, 环境工程学报, 3(7):1333-1339",,"和平大道(车流量113辆/min)。雨后5d,滤膜称重法。"
红花檵木,Loropetalum chinense var. rubrum,灌木,交通干道,2.4816,,,武汉,,,,,,5,,滤膜称重法,,"余曼,汪正祥,雷耘等, 2009, 环境工程学报, 3(7):1333-1339",,"徐东大街(车流量91辆/min)。雨后5d,滤膜称重法。"
红花檵木,Loropetalum chinense var. rubrum,灌木,交通干道,2.4244,,,武汉,,,,,,5,,滤膜称重法,,"余曼,汪正祥,雷耘等, 2009, 环境工程学报, 3(7):1333-1339",,"武珞路(车流量80辆/min)。雨后5d,滤膜称重法。"
红花檵木,Loropetalum chinense var. rubrum,灌木,交通干道,1.5752,,,武汉,,,,,,5,,滤膜称重法,,"余曼,汪正祥,雷耘等, 2009, 环境工程学报, 3(7):1333-1339",,"中南路中北路(车流量75辆/min,一环线最低)。雨后5d,滤膜称重法。"
桂花,Osmanthus fragrans,乔木,交通干道,1.8179,,,武汉,,,,,,5,,滤膜称重法,,"余曼,汪正祥,雷耘等, 2009, 环境工程学报, 3(7):1333-1339",,"武胜路(车流量145辆/min,一环线最高)。雨后5d,滤膜称重法。桂花TSP与车流量呈极显著正相关(r=0.9848)。"
桂花,Osmanthus fragrans,乔木,交通干道,1.6048,,,武汉,,,,,,5,,滤膜称重法,,"余曼,汪正祥,雷耘等, 2009, 环境工程学报, 3(7):1333-1339",,"和平大道(车流量113辆/min)。雨后5d,滤膜称重法。"
桂花,Osmanthus fragrans,乔木,交通干道,1.3313,,,武汉,,,,,,5,,滤膜称重法,,"余曼,汪正祥,雷耘等, 2009, 环境工程学报, 3(7):1333-1339",,"徐东大街(车流量91辆/min)。雨后5d,滤膜称重法。"
桂花,Osmanthus fragrans,乔木,交通干道,1.1185,,,武汉,,,,,,5,,滤膜称重法,,"余曼,汪正祥,雷耘等, 2009, 环境工程学报, 3(7):1333-1339",,"中南路中北路(车流量75辆/min,一环线最低)。雨后5d,滤膜称重法。"
二球悬铃木,Platanus acerifolia,乔木,公园清洁区,,,0.0259,武汉,,,,,春季,7,3,滤膜称重法(PM10/PM2.5分级过滤),叶面粗糙具星状毛,"张冰洁, 2024, 华中农业大学硕士论文",,⚠柱状图人工读数; 解放公园内部春季PM2.5补录; PM10已入库; PM2.5=2.59±0.29 μg/cm²; 图8
二球悬铃木,Platanus acerifolia,乔木,城市混合,,,0.0247,武汉,,,,,春季,7,3,滤膜称重法(PM10/PM2.5分级过滤),叶面粗糙具星状毛,"张冰洁, 2024, 华中农业大学硕士论文",,⚠柱状图人工读数; 解放公园外部(近交通)春季PM2.5补录; PM2.5=2.47±0.48 μg/cm²; 图8
二球悬铃木,Platanus acerifolia,乔木,城市混合,,,0.0262,武汉,,,,,秋季,7,6,滤膜称重法(PM10/PM2.5分级过滤),叶面粗糙具星状毛,"张冰洁, 2024, 华中农业大学硕士论文",,⚠柱状图人工读数; 秋季16种中PM2.5最弱物种(overall pooled内外); PM2.5=2.62±0.42 μg/cm²; 图15
广玉兰,Magnolia grandiflora,乔木,城市混合,0.0514,,,武汉,,,,,夏季,7,6,滤膜称重法(PM10/PM2.5分级过滤),叶片较厚;下表面密被锈色绒毛,"张冰洁, 2024, 华中农业大学硕士论文",,⚠柱状图人工读数; 夏季17种中PM10最弱物种(overall pooled); PM10=5.14±0.43 μg/cm²; 图10; ⚠武汉广玉兰首次PM数据
广玉兰,Magnolia grandiflora,乔木,城市混合,,,0.0186,武汉,,,,,夏季,7,6,滤膜称重法(PM10/PM2.5分级过滤),叶片较厚;下表面密被锈色绒毛,"张冰洁, 2024, 华中农业大学硕士论文",,⚠柱状图人工读数; 夏季17种中PM2.5最弱物种(overall pooled); PM2.5=1.86±0.19 μg/cm²; 图10
广玉兰,Magnolia grandiflora,乔木,公园清洁区,0.0592,,,武汉,,,,,夏季,7,3,滤膜称重法(PM10/PM2.5分级过滤),叶片较厚;下表面密被锈色绒毛,"张冰洁, 2024, 华中农业大学硕士论文",,⚠柱状图人工读数; 解放公园内部; PM10=5.92±0.59 μg/cm²; inside>outside(异常); 图13
广玉兰,Magnolia grandiflora,乔木,公园清洁区,,,0.0218,武汉,,,,,夏季,7,3,滤膜称重法(PM10/PM2.5分级过滤),叶片较厚;下表面密被锈色绒毛,"张冰洁, 2024, 华中农业大学硕士论文",,⚠柱状图人工读数; 解放公园内部; PM2.5=2.18±0.27 μg/cm²; inside>outside(异常); 图13
广玉兰,Magnolia grandiflora,乔木,城市混合,0.0437,,,武汉,,,,,夏季,7,3,滤膜称重法(PM10/PM2.5分级过滤),叶片较厚;下表面密被锈色绒毛,"张冰洁, 2024, 华中农业大学硕士论文",,⚠柱状图人工读数; 解放公园外部(近交通); PM10=4.37±0.33 μg/cm²; 图13
广玉兰,Magnolia grandiflora,乔木,城市混合,,,0.0154,武汉,,,,,夏季,7,3,滤膜称重法(PM10/PM2.5分级过滤),叶片较厚;下表面密被锈色绒毛,"张冰洁, 2024, 华中农业大学硕士论文",,⚠柱状图人工读数; 解放公园外部(近交通); PM2.5=1.54±0.13 μg/cm²; 图13
广玉兰,Magnolia grandiflora,乔木,公园清洁区,0.1742,,,武汉,,,,,秋季,7,3,滤膜称重法(PM10/PM2.5分级过滤),叶片较厚;下表面密被锈色绒毛,"张冰洁, 2024, 华中农业大学硕士论文",,⚠柱状图人工读数; 解放公园内部; PM10=17.42±2.85 μg/cm²; inside>outside(异常); 图18
广玉兰,Magnolia grandiflora,乔木,城市混合,0.1279,,,武汉,,,,,秋季,7,3,滤膜称重法(PM10/PM2.5分级过滤),叶片较厚;下表面密被锈色绒毛,"张冰洁, 2024, 华中农业大学硕士论文",,⚠柱状图人工读数; 解放公园外部(近交通); PM10=12.79±2.49 μg/cm²; 图18
广玉兰,Magnolia grandiflora,乔木,公园清洁区,,,0.0276,武汉,,,,,秋季,7,3,滤膜称重法(PM10/PM2.5分级过滤),叶片较厚;下表面密被锈色绒毛,"张冰洁, 2024, 华中农业大学硕士论文",,⚠柱状图人工读数; 解放公园内部; PM2.5=2.76±0.42 μg/cm²; inside>outside(异常); 图18
广玉兰,Magnolia grandiflora,乔木,城市混合,,,0.0253,武汉,,,,,秋季,7,3,滤膜称重法(PM10/PM2.5分级过滤),叶片较厚;下表面密被锈色绒毛,"张冰洁, 2024, 华中农业大学硕士论文",,⚠柱状图人工读数; 解放公园外部(近交通); PM2.5=2.53±0.68 μg/cm²; 图18
广玉兰,Magnolia grandiflora,乔木,城市混合,,,0.0197,武汉,,,,,冬季,7,6,滤膜称重法(PM10/PM2.5分级过滤),叶片较厚;下表面密被锈色绒毛,"张冰洁, 2024, 华中农业大学硕士论文",,⚠柱状图人工读数; 冬季9种常绿植物中PM2.5最弱物种(overall pooled); PM2.5=1.97±0.18 μg/cm²; 图20
广玉兰,Magnolia grandiflora,乔木,公园清洁区,,,0.0201,武汉,,,,,冬季,7,3,滤膜称重法(PM10/PM2.5分级过滤),叶片较厚;下表面密被锈色绒毛,"张冰洁, 2024, 华中农业大学硕士论文",,⚠柱状图人工读数; 解放公园内部; PM2.5=2.01±0.36 μg/cm²; inside>outside(异常); 图23
广玉兰,Magnolia grandiflora,乔木,城市混合,,,0.0194,武汉,,,,,冬季,7,3,滤膜称重法(PM10/PM2.5分级过滤),叶片较厚;下表面密被锈色绒毛,"张冰洁, 2024, 华中农业大学硕士论文",,⚠柱状图人工读数; 解放公园外部(近交通); PM2.5=1.94±0.10 μg/cm²; 图23
女贞,Ligustrum lucidum,乔木,城市混合,0.0540,,,武汉,,,,,春季,7,6,滤膜称重法(PM10/PM2.5分级过滤),叶面光滑,"张冰洁, 2024, 华中农业大学硕士论文",,⚠柱状图人工读数; 春季17种中PM10最弱物种(overall pooled); PM10=5.40±0.26 μg/cm²; 图5; ⚠武汉女贞首次PM数据
女贞,Ligustrum lucidum,乔木,城市混合,,,0.0202,武汉,,,,,春季,7,6,滤膜称重法(PM10/PM2.5分级过滤),叶面光滑,"张冰洁, 2024, 华中农业大学硕士论文",,⚠柱状图人工读数; 春季17种中PM2.5最弱物种(overall pooled); PM2.5=2.02±0.20 μg/cm²; 图5
女贞,Ligustrum lucidum,乔木,公园清洁区,,,0.0207,武汉,,,,,春季,7,3,滤膜称重法(PM10/PM2.5分级过滤),叶面光滑,"张冰洁, 2024, 华中农业大学硕士论文",,⚠柱状图人工读数; 解放公园内部; PM2.5=2.07±0.52 μg/cm²; inside>outside(异常); 图8
女贞,Ligustrum lucidum,乔木,城市混合,,,0.0197,武汉,,,,,春季,7,3,滤膜称重法(PM10/PM2.5分级过滤),叶面光滑,"张冰洁, 2024, 华中农业大学硕士论文",,⚠柱状图人工读数; 解放公园外部(近交通); PM2.5=1.97±0.29 μg/cm²; 图8
女贞,Ligustrum lucidum,乔木,公园清洁区,0.0623,,,武汉,,,,,夏季,7,3,滤膜称重法(PM10/PM2.5分级过滤),叶面光滑,"张冰洁, 2024, 华中农业大学硕士论文",,⚠柱状图人工读数; 解放公园内部; PM10=6.23±0.92 μg/cm²; inside>outside(异常); 图13
女贞,Ligustrum lucidum,乔木,城市混合,0.0534,,,武汉,,,,,夏季,7,3,滤膜称重法(PM10/PM2.5分级过滤),叶面光滑,"张冰洁, 2024, 华中农业大学硕士论文",,⚠柱状图人工读数; 解放公园外部(近交通); PM10=5.34±0.49 μg/cm²; 图13
女贞,Ligustrum lucidum,乔木,公园清洁区,,,0.0199,武汉,,,,,夏季,7,3,滤膜称重法(PM10/PM2.5分级过滤),叶面光滑,"张冰洁, 2024, 华中农业大学硕士论文",,⚠柱状图人工读数; 解放公园内部; PM2.5=1.99±0.38 μg/cm²; inside>outside(异常); 图13
女贞,Ligustrum lucidum,乔木,城市混合,,,0.0178,武汉,,,,,夏季,7,3,滤膜称重法(PM10/PM2.5分级过滤),叶面光滑,"张冰洁, 2024, 华中农业大学硕士论文",,⚠柱状图人工读数; 解放公园外部(近交通); PM2.5=1.78±0.19 μg/cm²; 图13
女贞,Ligustrum lucidum,乔木,城市混合,0.1020,,,武汉,,,,,冬季,7,6,滤膜称重法(PM10/PM2.5分级过滤),叶面光滑,"张冰洁, 2024, 华中农业大学硕士论文",,⚠柱状图人工读数; 冬季9种常绿植物中PM10最弱物种(overall pooled); PM10=10.20±1.35 μg/cm²; 图20
杜鹃,Rhododendron simsii,灌木,城市混合,0.2265,,,武汉,,,,,冬季,7,6,滤膜称重法(PM10/PM2.5分级过滤),叶面密被糙伏毛;蜡质层最厚,"张冰洁, 2024, 华中农业大学硕士论文",,⚠柱状图人工读数; 冬季9种常绿植物中PM10最强物种(overall pooled); PM10=22.65±2.44 μg/cm²; 图20; ⚠武汉杜鹃首次PM10数据
杜鹃,Rhododendron simsii,灌木,公园清洁区,,,0.0329,武汉,,,,,冬季,7,3,滤膜称重法(PM10/PM2.5分级过滤),叶面密被糙伏毛;蜡质层最厚,"张冰洁, 2024, 华中农业大学硕士论文",,⚠柱状图人工读数; 解放公园内部; PM2.5=3.29±0.45 μg/cm²; outside显著>inside; 图23
杜鹃,Rhododendron simsii,灌木,城市混合,,,0.0590,武汉,,,,,冬季,7,3,滤膜称重法(PM10/PM2.5分级过滤),叶面密被糙伏毛;蜡质层最厚,"张冰洁, 2024, 华中农业大学硕士论文",,⚠柱状图人工读数; 解放公园外部(近交通); PM2.5=5.90±0.18 μg/cm²; 显著高于内部(P<0.05); 图23
石楠,Photinia serrulata,灌木,公园清洁区,,,0.0277,武汉,,,,,春季,7,3,滤膜称重法(PM10/PM2.5分级过滤),叶面粗糙,"张冰洁, 2024, 华中农业大学硕士论文",,⚠柱状图人工读数; 解放公园内部; PM2.5=2.77±0.35 μg/cm²; inside>outside(异常); 图8
石楠,Photinia serrulata,灌木,城市混合,,,0.0275,武汉,,,,,春季,7,3,滤膜称重法(PM10/PM2.5分级过滤),叶面粗糙,"张冰洁, 2024, 华中农业大学硕士论文",,⚠柱状图人工读数; 解放公园外部(近交通); PM2.5=2.75±0.55 μg/cm²; 图8
麦冬,Ophiopogon japonicus,地被,公园清洁区,0.1745,,,武汉,,,,,夏季,7,3,滤膜称重法(PM10/PM2.5分级过滤),叶面条带状沟槽;气孔凸起瘤状,"张冰洁, 2024, 华中农业大学硕士论文",,⚠柱状图人工读数; 解放公园内部; PM10=17.45±1.64 μg/cm²; inside>outside(异常); 图13
麦冬,Ophiopogon japonicus,地被,城市混合,0.1495,,,武汉,,,,,夏季,7,3,滤膜称重法(PM10/PM2.5分级过滤),叶面条带状沟槽;气孔凸起瘤状,"张冰洁, 2024, 华中农业大学硕士论文",,⚠柱状图人工读数; 解放公园外部(近交通); PM10=14.95±1.39 μg/cm²; 图13
麦冬,Ophiopogon japonicus,地被,公园清洁区,0.2797,,,武汉,,,,,秋季,7,3,滤膜称重法(PM10/PM2.5分级过滤),叶面条带状沟槽;气孔凸起瘤状,"张冰洁, 2024, 华中农业大学硕士论文",,⚠柱状图人工读数; 解放公园内部; PM10=27.97±9.68 μg/cm²; inside>outside(异常); 图18
麦冬,Ophiopogon japonicus,地被,城市混合,0.2732,,,武汉,,,,,秋季,7,3,滤膜称重法(PM10/PM2.5分级过滤),叶面条带状沟槽;气孔凸起瘤状,"张冰洁, 2024, 华中农业大学硕士论文",,⚠柱状图人工读数; 解放公园外部(近交通); PM10=27.32±7.79 μg/cm²; 图18
麦冬,Ophiopogon japonicus,地被,公园清洁区,,,0.0553,武汉,,,,,秋季,7,3,滤膜称重法(PM10/PM2.5分级过滤),叶面条带状沟槽;气孔凸起瘤状,"张冰洁, 2024, 华中农业大学硕士论文",,⚠柱状图人工读数; 解放公园内部; PM2.5=5.53±1.61 μg/cm²; inside>outside(异常); 图18
麦冬,Ophiopogon japonicus,地被,城市混合,,,0.0478,武汉,,,,,秋季,7,3,滤膜称重法(PM10/PM2.5分级过滤),叶面条带状沟槽;气孔凸起瘤状,"张冰洁, 2024, 华中农业大学硕士论文",,⚠柱状图人工读数; 解放公园外部(近交通); PM2.5=4.78±0.63 μg/cm²; 图18
麦冬,Ophiopogon japonicus,地被,城市混合,,,0.0537,武汉,,,,,冬季,7,6,滤膜称重法(PM10/PM2.5分级过滤),叶面条带状沟槽;气孔凸起瘤状,"张冰洁, 2024, 华中农业大学硕士论文",,⚠柱状图人工读数; 冬季9种常绿植物中PM2.5最强物种(overall pooled); PM2.5=5.37±0.58 μg/cm²; 图20
麦冬,Ophiopogon japonicus,地被,公园清洁区,0.2287,,,武汉,,,,,冬季,7,3,滤膜称重法(PM10/PM2.5分级过滤),叶面条带状沟槽;气孔凸起瘤状,"张冰洁, 2024, 华中农业大学硕士论文",,⚠柱状图人工读数; 解放公园内部; PM10=22.87±1.59 μg/cm²; inside>outside(异常); 图23
麦冬,Ophiopogon japonicus,地被,城市混合,0.1601,,,武汉,,,,,冬季,7,3,滤膜称重法(PM10/PM2.5分级过滤),叶面条带状沟槽;气孔凸起瘤状,"张冰洁, 2024, 华中农业大学硕士论文",,⚠柱状图人工读数; 解放公园外部(近交通); PM10=16.01±3.99 μg/cm²; 图23
麦冬,Ophiopogon japonicus,地被,公园清洁区,,,0.0582,武汉,,,,,冬季,7,3,滤膜称重法(PM10/PM2.5分级过滤),叶面条带状沟槽;气孔凸起瘤状,"张冰洁, 2024, 华中农业大学硕士论文",,⚠柱状图人工读数; 解放公园内部; PM2.5=5.82±0.72 μg/cm²; inside>outside(异常); 图23
麦冬,Ophiopogon japonicus,地被,城市混合,,,0.0491,武汉,,,,,冬季,7,3,滤膜称重法(PM10/PM2.5分级过滤),叶面条带状沟槽;气孔凸起瘤状,"张冰洁, 2024, 华中农业大学硕士论文",,⚠柱状图人工读数; 解放公园外部(近交通); PM2.5=4.91±0.96 μg/cm²; 图23
香樟,Cinnamomum camphora,乔木,交通干道,10.5900,,,长沙,,,,,夏季,21,,蒸馏水浸泡+滤纸过滤+烘干称重法,,"李冰冰, 2012, 中南林业科技大学硕士论文",https://d.wanfangdata.com.cn/thesis/Y2097143,⚠扫描PDF图片表格; 3周累积TSP; 道路(市区主干道); 校园对照值缺失(需图片识别); 8种中排名靠前
二球悬铃木,Platanus acerifolia,乔木,交通干道,13.9400,,,长沙,,,,,夏季,21,,蒸馏水浸泡+滤纸过滤+烘干称重法,,"李冰冰, 2012, 中南林业科技大学硕士论文",https://d.wanfangdata.com.cn/thesis/Y2097143,⚠扫描PDF图片表格; 长沙二球悬铃木首次TSP数据; 3周累积; 8种中滞尘能力最强; 道路(市区主干道); 校园对照值缺失(需图片识别)
